,Time,-x,+x,2x,-y,+y,2y
0,2022/11/01 15:38:04,0.0,0.0,0.0,0.0,0.0,0.0
1,2022/11/01 15:38:05,0.0,0.0,0.0,0.0,0.0,0.0
2,2022/11/01 15:38:06,0.0,0.0,0.0,0.0,0.0,0.0
3,2022/11/01 15:38:07,-27.01549975216541,27.52119290490367,54.53669265706908,-18.582644588282353,18.96752545567628,37.55017004395863
4,2022/11/01 15:38:08,-27.01549975216541,27.52119290490367,54.53669265706908,-18.533405229029615,18.91851021525037,37.45191544427999
5,2022/11/01 15:38:09,-27.01549975216541,27.52119290490367,54.53669265706908,-18.533405229029615,18.91851021525037,37.45191544427999
6,2022/11/01 15:38:10,-27.01549975216541,27.52119290490367,54.53669265706908,-18.533405229029615,18.91851021525037,37.45191544427999
7,2022/11/01 15:38:11,-27.14508257930191,27.653214598805633,54.798297178107546,-18.582644588282353,18.96752545567628,37.55017004395863
8,2022/11/01 15:38:12,-27.14508257930191,27.653214598805633,54.798297178107546,-18.582644588282353,18.96752545567628,37.55017004395863
9,2022/11/01 15:38:14,-27.101922739287886,27.653214598805633,54.75513733809352,-18.582644588282353,18.96752545567628,37.55017004395863
10,2022/11/01 15:38:15,-27.101922739287886,27.653214598805633,54.75513733809352,-18.582644588282353,18.96752545567628,37.55017004395863
11,2022/11/01 15:38:16,-27.101922739287886,27.653214598805633,54.75513733809352,-18.582644588282353,18.96752545567628,37.55017004395863
12,2022/11/01 15:38:17,-27.188207973165262,27.741058007980754,54.92926598114602,-18.582644588282353,18.96752545567628,37.55017004395863
13,2022/11/01 15:38:18,-27.188207973165262,27.741058007980754,54.92926598114602,-18.582644588282353,18.96752545567628,37.55017004395863
14,2022/11/01 15:38:19,-27.188207973165262,27.741058007980754,54.92926598114602,-18.582644588282353,18.96752545567628,37.55017004395863
15,2022/11/01 15:38:20,-27.188207973165262,27.741058007980754,54.92926598114602,-18.582644588282353,18.96752545567628,37.55017004395863
16,2022/11/01 15:38:21,-27.188207973165262,27.741058007980754,54.92926598114602,-18.582644588282353,18.96752545567628,37.55017004395863
17,2022/11/01 15:38:22,-27.188207973165262,27.741058007980754,54.92926598114602,-18.582644588282353,18.96752545567628,37.55017004395863
18,2022/11/01 15:38:23,-27.188207973165262,27.741058007980754,54.92926598114602,-18.582644588282353,18.96752545567628,37.55017004395863
19,2022/11/01 15:38:24,-27.188207973165262,27.741058007980754,54.92926598114602,-18.582644588282353,18.96752545567628,37.55017004395863
20,2022/11/01 15:38:25,-27.188207973165262,27.741058007980754,54.92926598114602,-18.582644588282353,18.96752545567628,37.55017004395863
21,2022/11/01 15:38:26,-27.188207973165262,27.741058007980754,54.92926598114602,-18.582644588282353,18.96752545567628,37.55017004395863
22,2022/11/01 15:38:27,-27.188207973165262,27.697153416626517,54.88536138979178,-18.582644588282353,18.96752545567628,37.55017004395863
23,2022/11/01 15:38:28,-27.188207973165262,27.697153416626517,54.88536138979178,-18.582644588282353,18.96752545567628,37.55017004395863
24,2022/11/01 15:38:29,-27.188207973165262,27.697153416626517,54.88536138979178,-18.582644588282353,18.96752545567628,37.55017004395863
25,2022/11/01 15:38:30,-27.188207973165262,27.697153416626517,54.88536138979178,-18.582644588282353,18.96752545567628,37.55017004395863
26,2022/11/01 15:38:31,-27.188207973165262,27.741058007980754,54.92926598114602,-18.582644588282353,18.96752545567628,37.55017004395863
27,2022/11/01 15:38:32,-27.188207973165262,27.697153416626517,54.88536138979178,-18.582644588282353,18.96752545567628,37.55017004395863
28,2022/11/01 15:38:33,-27.188207973165262,27.697153416626517,54.88536138979178,-18.582644588282353,18.96752545567628,37.55017004395863
29,2022/11/01 15:38:34,-27.188207973165262,27.741058007980754,54.92926598114602,-18.582644588282353,18.96752545567628,37.55017004395863
30,2022/11/01 15:38:35,-27.188207973165262,27.741058007980754,54.92926598114602,-18.582644588282353,18.96752545567628,37.55017004395863
31,2022/11/01 15:38:36,-27.188207973165262,27.741058007980754,54.92926598114602,-18.582644588282353,18.96752545567628,37.55017004395863
32,2022/11/01 15:38:37,-27.188207973165262,27.697153416626517,54.88536138979178,-18.582644588282353,18.96752545567628,37.55017004395863
33,2022/11/01 15:38:38,-27.188207973165262,27.697153416626517,54.88536138979178,-18.582644588282353,18.96752545567628,37.55017004395863
34,2022/11/01 15:38:39,-27.188207973165262,27.697153416626517,54.88536138979178,-18.582644588282353,18.96752545567628,37.55017004395863
35,2022/11/01 15:38:40,-27.188207973165262,27.697153416626517,54.88536138979178,-18.582644588282353,18.96752545567628,37.55017004395863
36,2022/11/01 15:38:41,-27.188207973165262,27.697153416626517,54.88536138979178,-18.582644588282353,18.96752545567628,37.55017004395863
37,2022/11/01 15:38:42,-27.188207973165262,27.697153416626517,54.88536138979178,-18.582644588282353,18.96752545567628,37.55017004395863
38,2022/11/01 15:38:43,-27.188207973165262,27.697153416626517,54.88536138979178,-18.582644588282353,18.96752545567628,37.55017004395863
39,2022/11/01 15:38:45,-27.188207973165262,27.697153416626517,54.88536138979178,-18.582644588282353,18.96752545567628,37.55017004395863
40,2022/11/01 15:38:46,-27.188207973165262,27.697153416626517,54.88536138979178,-18.582644588282353,18.96752545567628,37.55017004395863
41,2022/11/01 15:38:47,-27.188207973165262,27.697153416626517,54.88536138979178,-18.582644588282353,18.96752545567628,37.55017004395863
42,2022/11/01 15:38:48,-27.188207973165262,27.697153416626517,54.88536138979178,-18.582644588282353,18.96752545567628,37.55017004395863
43,2022/11/01 15:38:49,-27.188207973165262,27.697153416626517,54.88536138979178,-18.582644588282353,18.96752545567628,37.55017004395863
44,2022/11/01 15:38:50,-27.188207973165262,27.697153416626517,54.88536138979178,-18.582644588282353,18.96752545567628,37.55017004395863
45,2022/11/01 15:38:51,-27.188207973165262,27.697153416626517,54.88536138979178,-18.582644588282353,18.96752545567628,37.55017004395863
46,2022/11/01 15:38:52,-27.188207973165262,27.697153416626517,54.88536138979178,-18.582644588282353,18.96752545567628,37.55017004395863
47,2022/11/01 15:38:53,-27.188207973165262,27.697153416626517,54.88536138979178,-18.582644588282353,18.96752545567628,37.55017004395863
48,2022/11/01 15:38:54,-27.188207973165262,27.697153416626517,54.88536138979178,-18.582644588282353,18.96752545567628,37.55017004395863
49,2022/11/01 15:38:55,-27.188207973165262,27.697153416626517,54.88536138979178,-18.582644588282353,18.96752545567628,37.55017004395863
50,2022/11/01 15:38:56,-27.188207973165262,27.697153416626517,54.88536138979178,-18.582644588282353,18.96752545567628,37.55017004395863
51,2022/11/01 15:38:57,-27.188207973165262,27.697153416626517,54.88536138979178,-18.582644588282353,18.96752545567628,37.55017004395863
52,2022/11/01 15:38:58,-27.188207973165262,27.697153416626517,54.88536138979178,-18.582644588282353,18.96752545567628,37.55017004395863
53,2022/11/01 15:38:59,-27.188207973165262,27.697153416626517,54.88536138979178,-18.582644588282353,18.96752545567628,37.55017004395863
54,2022/11/01 15:39:00,-27.188207973165262,27.697153416626517,54.88536138979178,-18.582644588282353,18.96752545567628,37.55017004395863
55,2022/11/01 15:39:01,-27.188207973165262,27.697153416626517,54.88536138979178,-18.582644588282353,18.96752545567628,37.55017004395863
56,2022/11/01 15:39:02,-27.188207973165262,27.697153416626517,54.88536138979178,-18.582644588282353,18.96752545567628,37.55017004395863
57,2022/11/01 15:39:03,-27.188207973165262,27.697153416626517,54.88536138979178,-18.582644588282353,18.96752545567628,37.55017004395863
58,2022/11/01 15:39:04,-27.188207973165262,27.697153416626517,54.88536138979178,-18.582644588282353,18.96752545567628,37.55017004395863
59,2022/11/01 15:39:05,-27.188207973165262,27.697153416626517,54.88536138979178,-18.582644588282353,18.96752545567628,37.55017004395863
60,2022/11/01 15:39:06,-27.188207973165262,27.697153416626517,54.88536138979178,-18.582644588282353,18.96752545567628,37.55017004395863
61,2022/11/01 15:39:07,-27.188207973165262,27.697153416626517,54.88536138979178,-18.582644588282353,18.96752545567628,37.55017004395863
62,2022/11/01 15:39:08,-27.188207973165262,27.697153416626517,54.88536138979178,-18.582644588282353,18.96752545567628,37.55017004395863
63,2022/11/01 15:39:09,-27.188207973165262,27.697153416626517,54.88536138979178,-18.582644588282353,18.96752545567628,37.55017004395863
64,2022/11/01 15:39:10,-27.188207973165262,27.697153416626517,54.88536138979178,-18.582644588282353,18.96752545567628,37.55017004395863
65,2022/11/01 15:39:11,-27.188207973165262,27.697153416626517,54.88536138979178,-18.582644588282353,18.96752545567628,37.55017004395863
66,2022/11/01 15:39:12,-27.188207973165262,27.697153416626517,54.88536138979178,-18.582644588282353,18.96752545567628,37.55017004395863
67,2022/11/01 15:39:13,-27.188207973165262,27.697153416626517,54.88536138979178,-18.582644588282353,18.96752545567628,37.55017004395863
68,2022/11/01 15:39:14,-27.188207973165262,27.697153416626517,54.88536138979178,-18.582644588282353,18.96752545567628,37.55017004395863
69,2022/11/01 15:39:15,-27.188207973165262,27.697153416626517,54.88536138979178,-18.582644588282353,18.96752545567628,37.55017004395863
70,2022/11/01 15:39:16,-27.188207973165262,27.697153416626517,54.88536138979178,-18.582644588282353,18.96752545567628,37.55017004395863
71,2022/11/01 15:39:18,-27.188207973165262,27.697153416626517,54.88536138979178,-18.582644588282353,18.96752545567628,37.55017004395863
72,2022/11/01 15:39:19,-27.188207973165262,27.697153416626517,54.88536138979178,-18.582644588282353,18.96752545567628,37.55017004395863
73,2022/11/01 15:39:20,-27.188207973165262,27.697153416626517,54.88536138979178,-18.582644588282353,18.96752545567628,37.55017004395863
74,2022/11/01 15:39:21,-27.188207973165262,27.697153416626517,54.88536138979178,-18.582644588282353,18.96752545567628,37.55017004395863
75,2022/11/01 15:39:22,-27.188207973165262,27.697153416626517,54.88536138979178,-18.582644588282353,18.96752545567628,37.55017004395863
76,2022/11/01 15:39:23,-27.188207973165262,27.697153416626517,54.88536138979178,-18.582644588282353,18.96752545567628,37.55017004395863
77,2022/11/01 15:39:24,-27.188207973165262,27.697153416626517,54.88536138979178,-18.582644588282353,18.96752545567628,37.55017004395863
78,2022/11/01 15:39:25,-27.188207973165262,27.697153416626517,54.88536138979178,-18.582644588282353,18.96752545567628,37.55017004395863
79,2022/11/01 15:39:26,-27.188207973165262,27.697153416626517,54.88536138979178,-18.582644588282353,18.96752545567628,37.55017004395863
80,2022/11/01 15:39:27,-27.188207973165262,27.697153416626517,54.88536138979178,-18.582644588282353,18.96752545567628,37.55017004395863
81,2022/11/01 15:39:28,-27.188207973165262,27.697153416626517,54.88536138979178,-18.582644588282353,18.96752545567628,37.55017004395863
82,2022/11/01 15:39:29,-27.188207973165262,27.697153416626517,54.88536138979178,-18.582644588282353,18.96752545567628,37.55017004395863
83,2022/11/01 15:39:30,0.0,0.0,0.0,0.0,0.0,0.0
84,2022/11/01 15:39:31,0.0,0.0,0.0,0.0,0.0,0.0
85,2022/11/01 15:39:32,0.0,0.0,0.0,0.0,0.0,0.0
86,2022/11/01 15:39:33,0.0,0.0,0.0,0.0,0.0,0.0
87,2022/11/01 15:39:34,0.0,0.0,0.0,0.0,0.0,0.0
88,2022/11/01 15:39:35,0.0,0.0,0.0,0.0,0.0,0.0
89,2022/11/01 15:39:36,0.0,0.0,0.0,0.0,0.0,0.0
90,2022/11/01 15:39:37,0.0,0.0,0.0,0.0,0.0,0.0
91,2022/11/01 15:39:38,0.0,0.0,0.0,0.0,0.0,0.0
92,2022/11/01 15:39:39,0.0,0.0,0.0,0.0,0.0,0.0
93,2022/11/01 15:39:40,0.0,0.0,0.0,0.0,0.0,0.0
94,2022/11/01 15:39:41,0.0,0.0,0.0,0.0,0.0,0.0
95,2022/11/01 15:39:42,0.0,0.0,0.0,0.0,0.0,0.0
96,2022/11/01 15:39:43,0.0,0.0,0.0,0.0,0.0,0.0
97,2022/11/01 15:39:44,0.0,0.0,0.0,0.0,0.0,0.0
98,2022/11/01 15:39:45,0.0,0.0,0.0,0.0,0.0,0.0
99,2022/11/01 15:39:46,0.0,0.0,0.0,0.0,0.0,0.0
100,2022/11/01 15:39:47,0.0,0.0,0.0,0.0,0.0,0.0
101,2022/11/01 15:39:48,0.0,0.0,0.0,0.0,0.0,0.0
102,2022/11/01 15:39:50,0.0,0.0,0.0,0.0,0.0,0.0
103,2022/11/01 15:39:51,0.0,0.0,0.0,0.0,0.0,0.0
104,2022/11/01 15:39:52,0.0,0.0,0.0,0.0,0.0,0.0
105,2022/11/01 15:39:53,0.0,0.0,0.0,0.0,0.0,0.0
106,2022/11/01 15:39:54,0.0,0.0,0.0,0.0,0.0,0.0
107,2022/11/01 15:39:55,0.0,0.0,0.0,0.0,0.0,0.0
108,2022/11/01 15:39:56,0.0,0.0,0.0,0.0,0.0,0.0
109,2022/11/01 15:39:57,0.0,0.0,0.0,0.0,0.0,0.0
110,2022/11/01 15:39:58,0.0,0.0,0.0,0.0,0.0,0.0
111,2022/11/01 15:39:59,0.0,0.0,0.0,0.0,0.0,0.0
112,2022/11/01 15:40:00,0.0,0.0,0.0,0.0,0.0,0.0
113,2022/11/01 15:40:01,0.0,0.0,0.0,0.0,0.0,0.0
114,2022/11/01 15:40:02,0.0,0.0,0.0,0.0,0.0,0.0
115,2022/11/01 15:40:03,0.0,0.0,0.0,0.0,0.0,0.0
116,2022/11/01 15:40:04,0.0,0.0,0.0,0.0,0.0,0.0
117,2022/11/01 15:40:05,0.0,0.0,0.0,0.0,0.0,0.0
118,2022/11/01 15:40:06,0.0,0.0,0.0,0.0,0.0,0.0
119,2022/11/01 15:40:07,0.0,0.0,0.0,0.0,0.0,0.0
120,2022/11/01 15:40:08,0.0,0.0,0.0,0.0,0.0,0.0
121,2022/11/01 15:40:09,0.0,0.0,0.0,0.0,0.0,0.0
122,2022/11/01 15:40:10,0.0,0.0,0.0,0.0,0.0,0.0
123,2022/11/01 15:40:11,0.0,0.0,0.0,0.0,0.0,0.0
124,2022/11/01 15:40:12,0.0,0.0,0.0,0.0,0.0,0.0
125,2022/11/01 15:40:13,0.0,0.0,0.0,0.0,0.0,0.0
126,2022/11/01 15:40:14,0.0,0.0,0.0,0.0,0.0,0.0
127,2022/11/01 15:40:15,0.0,0.0,0.0,0.0,0.0,0.0
128,2022/11/01 15:40:16,0.0,0.0,0.0,0.0,0.0,0.0
129,2022/11/01 15:40:17,0.0,0.0,0.0,0.0,0.0,0.0
130,2022/11/01 15:40:18,0.0,0.0,0.0,0.0,0.0,0.0
131,2022/11/01 15:40:19,0.0,0.0,0.0,0.0,0.0,0.0
132,2022/11/01 15:40:20,0.0,0.0,0.0,0.0,0.0,0.0
133,2022/11/01 15:40:22,0.0,0.0,0.0,0.0,0.0,0.0
134,2022/11/01 15:40:23,0.0,0.0,0.0,0.0,0.0,0.0
135,2022/11/01 15:40:24,0.0,0.0,0.0,0.0,0.0,0.0
136,2022/11/01 15:40:25,0.0,0.0,0.0,0.0,0.0,0.0
137,2022/11/01 15:40:26,0.0,0.0,0.0,0.0,0.0,0.0
138,2022/11/01 15:40:27,0.0,0.0,0.0,0.0,0.0,0.0
139,2022/11/01 15:40:28,0.0,0.0,0.0,0.0,0.0,0.0
140,2022/11/01 15:40:29,0.0,0.0,0.0,0.0,0.0,0.0
141,2022/11/01 15:40:30,0.0,0.0,0.0,0.0,0.0,0.0
142,2022/11/01 15:40:31,0.0,0.0,0.0,0.0,0.0,0.0
143,2022/11/01 15:40:32,0.0,0.0,0.0,0.0,0.0,0.0
144,2022/11/01 15:40:33,0.0,0.0,0.0,0.0,0.0,0.0
145,2022/11/01 15:40:34,0.0,0.0,0.0,0.0,0.0,0.0
146,2022/11/01 15:40:35,0.0,0.0,0.0,0.0,0.0,0.0
147,2022/11/01 15:40:36,0.0,0.0,0.0,0.0,0.0,0.0
148,2022/11/01 15:40:37,0.0,0.0,0.0,0.0,0.0,0.0
149,2022/11/01 15:40:38,0.0,0.0,0.0,0.0,0.0,0.0
150,2022/11/01 15:40:39,0.0,0.0,0.0,0.0,0.0,0.0
151,2022/11/01 15:40:40,0.0,0.0,0.0,0.0,0.0,0.0
152,2022/11/01 15:40:41,0.0,0.0,0.0,0.0,0.0,0.0
153,2022/11/01 15:40:42,0.0,0.0,0.0,0.0,0.0,0.0
154,2022/11/01 15:40:43,0.0,0.0,0.0,0.0,0.0,0.0
155,2022/11/01 15:40:44,0.0,0.0,0.0,0.0,0.0,0.0
156,2022/11/01 15:40:45,0.0,0.0,0.0,0.0,0.0,0.0
157,2022/11/01 15:40:46,0.0,0.0,0.0,0.0,0.0,0.0
158,2022/11/01 15:40:47,0.0,0.0,0.0,0.0,0.0,0.0
159,2022/11/01 15:40:48,0.0,0.0,0.0,0.0,0.0,0.0
160,2022/11/01 15:40:49,0.0,0.0,0.0,0.0,0.0,0.0
161,2022/11/01 15:40:50,0.0,0.0,0.0,0.0,0.0,0.0
162,2022/11/01 15:40:51,0.0,0.0,0.0,0.0,0.0,0.0
163,2022/11/01 15:40:52,0.0,0.0,0.0,0.0,0.0,0.0
164,2022/11/01 15:40:54,0.0,0.0,0.0,0.0,0.0,0.0
165,2022/11/01 15:40:55,0.0,0.0,0.0,0.0,0.0,0.0
166,2022/11/01 15:40:56,0.0,0.0,0.0,0.0,0.0,0.0
167,2022/11/01 15:40:57,0.0,0.0,0.0,0.0,0.0,0.0
168,2022/11/01 15:40:58,0.0,0.0,0.0,0.0,0.0,0.0
169,2022/11/01 15:40:59,0.0,0.0,0.0,0.0,0.0,0.0
170,2022/11/01 15:41:00,0.0,0.0,0.0,0.0,0.0,0.0
171,2022/11/01 15:41:01,0.0,0.0,0.0,0.0,0.0,0.0
172,2022/11/01 15:41:02,0.0,0.0,0.0,0.0,0.0,0.0
173,2022/11/01 15:41:03,0.0,0.0,0.0,0.0,0.0,0.0
174,2022/11/01 15:41:04,0.0,0.0,0.0,0.0,0.0,0.0
175,2022/11/01 15:41:05,0.0,0.0,0.0,0.0,0.0,0.0
176,2022/11/01 15:41:06,0.0,0.0,0.0,0.0,0.0,0.0
177,2022/11/01 15:41:07,0.0,0.0,0.0,0.0,0.0,0.0
178,2022/11/01 15:41:08,0.0,0.0,0.0,0.0,0.0,0.0
179,2022/11/01 15:41:09,0.0,0.0,0.0,0.0,0.0,0.0
180,2022/11/01 15:41:10,0.0,0.0,0.0,0.0,0.0,0.0
181,2022/11/01 15:41:11,0.0,0.0,0.0,0.0,0.0,0.0
182,2022/11/01 15:41:12,0.0,0.0,0.0,0.0,0.0,0.0
183,2022/11/01 15:41:13,0.0,0.0,0.0,0.0,0.0,0.0
184,2022/11/01 15:41:14,0.0,0.0,0.0,0.0,0.0,0.0
185,2022/11/01 15:41:15,0.0,0.0,0.0,0.0,0.0,0.0
186,2022/11/01 15:41:16,0.0,0.0,0.0,0.0,0.0,0.0
187,2022/11/01 15:41:17,0.0,0.0,0.0,0.0,0.0,0.0
188,2022/11/01 15:41:18,0.0,0.0,0.0,0.0,0.0,0.0
189,2022/11/01 15:41:19,0.0,0.0,0.0,0.0,0.0,0.0
190,2022/11/01 15:41:20,0.0,0.0,0.0,0.0,0.0,0.0
191,2022/11/01 15:41:21,0.0,0.0,0.0,0.0,0.0,0.0
192,2022/11/01 15:41:22,0.0,0.0,0.0,0.0,0.0,0.0
193,2022/11/01 15:41:23,0.0,0.0,0.0,0.0,0.0,0.0
194,2022/11/01 15:41:25,0.0,0.0,0.0,0.0,0.0,0.0
195,2022/11/01 15:41:26,0.0,0.0,0.0,0.0,0.0,0.0
196,2022/11/01 15:41:27,0.0,0.0,0.0,0.0,0.0,0.0
197,2022/11/01 15:41:28,0.0,0.0,0.0,0.0,0.0,0.0
198,2022/11/01 15:41:29,0.0,0.0,0.0,0.0,0.0,0.0
199,2022/11/01 15:41:30,0.0,0.0,0.0,0.0,0.0,0.0
200,2022/11/01 15:41:31,0.0,0.0,0.0,0.0,0.0,0.0
201,2022/11/01 15:41:32,0.0,0.0,0.0,0.0,0.0,0.0
202,2022/11/01 15:41:33,0.0,0.0,0.0,0.0,0.0,0.0
203,2022/11/01 15:41:34,0.0,0.0,0.0,0.0,0.0,0.0
204,2022/11/01 15:41:35,0.0,0.0,0.0,0.0,0.0,0.0
205,2022/11/01 15:41:36,0.0,0.0,0.0,0.0,0.0,0.0
206,2022/11/01 15:41:37,0.0,0.0,0.0,0.0,0.0,0.0
207,2022/11/01 15:41:38,0.0,0.0,0.0,0.0,0.0,0.0
208,2022/11/01 15:41:39,0.0,0.0,0.0,0.0,0.0,0.0
209,2022/11/01 15:41:40,0.0,0.0,0.0,0.0,0.0,0.0
210,2022/11/01 15:41:41,0.0,0.0,0.0,0.0,0.0,0.0
211,2022/11/01 15:41:42,0.0,0.0,0.0,0.0,0.0,0.0
212,2022/11/01 15:41:43,0.0,0.0,0.0,0.0,0.0,0.0
213,2022/11/01 15:41:44,0.0,0.0,0.0,0.0,0.0,0.0
214,2022/11/01 15:41:45,0.0,0.0,0.0,0.0,0.0,0.0
215,2022/11/01 15:41:46,0.0,0.0,0.0,0.0,0.0,0.0
216,2022/11/01 15:41:47,0.0,0.0,0.0,0.0,0.0,0.0
217,2022/11/01 15:41:48,0.0,0.0,0.0,0.0,0.0,0.0
218,2022/11/01 15:41:49,0.0,0.0,0.0,0.0,0.0,0.0
219,2022/11/01 15:41:50,0.0,0.0,0.0,0.0,0.0,0.0
220,2022/11/01 15:41:51,0.0,0.0,0.0,0.0,0.0,0.0
221,2022/11/01 15:41:52,0.0,0.0,0.0,0.0,0.0,0.0
222,2022/11/01 15:41:53,0.0,0.0,0.0,0.0,0.0,0.0
223,2022/11/01 15:41:54,0.0,0.0,0.0,0.0,0.0,0.0
224,2022/11/01 15:41:55,0.0,0.0,0.0,0.0,0.0,0.0
225,2022/11/01 15:41:56,0.0,0.0,0.0,0.0,0.0,0.0
226,2022/11/01 15:41:57,0.0,0.0,0.0,0.0,0.0,0.0
227,2022/11/01 15:41:59,0.0,0.0,0.0,0.0,0.0,0.0
228,2022/11/01 15:42:00,0.0,0.0,0.0,0.0,0.0,0.0
229,2022/11/01 15:42:01,0.0,0.0,0.0,0.0,0.0,0.0
230,2022/11/01 15:42:02,0.0,0.0,0.0,0.0,0.0,0.0
231,2022/11/01 15:42:03,0.0,0.0,0.0,0.0,0.0,0.0
232,2022/11/01 15:42:04,0.0,0.0,0.0,0.0,0.0,0.0
233,2022/11/01 15:42:05,0.0,0.0,0.0,0.0,0.0,0.0
234,2022/11/01 15:42:06,0.0,0.0,0.0,0.0,0.0,0.0
235,2022/11/01 15:42:07,0.0,0.0,0.0,0.0,0.0,0.0
236,2022/11/01 15:42:08,0.0,0.0,0.0,0.0,0.0,0.0
237,2022/11/01 15:42:09,0.0,0.0,0.0,0.0,0.0,0.0
238,2022/11/01 15:42:10,0.0,0.0,0.0,0.0,0.0,0.0
239,2022/11/01 15:42:11,0.0,0.0,0.0,0.0,0.0,0.0
240,2022/11/01 15:42:12,0.0,0.0,0.0,0.0,0.0,0.0
241,2022/11/01 15:42:13,0.0,0.0,0.0,0.0,0.0,0.0
242,2022/11/01 15:42:14,0.0,0.0,0.0,0.0,0.0,0.0
243,2022/11/01 15:42:15,0.0,0.0,0.0,0.0,0.0,0.0
244,2022/11/01 15:42:16,0.0,0.0,0.0,0.0,0.0,0.0
245,2022/11/01 15:42:17,0.0,0.0,0.0,0.0,0.0,0.0
246,2022/11/01 15:42:18,0.0,0.0,0.0,0.0,0.0,0.0
247,2022/11/01 15:42:19,0.0,0.0,0.0,0.0,0.0,0.0
248,2022/11/01 15:42:20,0.0,0.0,0.0,0.0,0.0,0.0
249,2022/11/01 15:42:21,0.0,0.0,0.0,0.0,0.0,0.0
250,2022/11/01 15:42:22,0.0,0.0,0.0,0.0,0.0,0.0
251,2022/11/01 15:42:23,0.0,0.0,0.0,0.0,0.0,0.0
252,2022/11/01 15:42:24,0.0,0.0,0.0,0.0,0.0,0.0
253,2022/11/01 15:42:25,0.0,0.0,0.0,0.0,0.0,0.0
254,2022/11/01 15:42:26,0.0,0.0,0.0,0.0,0.0,0.0
255,2022/11/01 15:42:27,0.0,0.0,0.0,0.0,0.0,0.0
256,2022/11/01 15:42:28,0.0,0.0,0.0,0.0,0.0,0.0
257,2022/11/01 15:42:29,0.0,0.0,0.0,0.0,0.0,0.0
258,2022/11/01 15:42:30,0.0,0.0,0.0,0.0,0.0,0.0
259,2022/11/01 15:42:32,0.0,0.0,0.0,0.0,0.0,0.0
260,2022/11/01 15:42:33,0.0,0.0,0.0,0.0,0.0,0.0
261,2022/11/01 15:42:34,0.0,0.0,0.0,0.0,0.0,0.0
262,2022/11/01 15:42:35,0.0,0.0,0.0,0.0,0.0,0.0
263,2022/11/01 15:42:36,0.0,0.0,0.0,0.0,0.0,0.0
264,2022/11/01 15:42:37,0.0,0.0,0.0,0.0,0.0,0.0
265,2022/11/01 15:42:38,0.0,0.0,0.0,0.0,0.0,0.0
266,2022/11/01 15:42:39,0.0,0.0,0.0,0.0,0.0,0.0
267,2022/11/01 15:42:40,0.0,0.0,0.0,0.0,0.0,0.0
268,2022/11/01 15:42:41,0.0,0.0,0.0,0.0,0.0,0.0
269,2022/11/01 15:42:42,0.0,0.0,0.0,0.0,0.0,0.0
270,2022/11/01 15:42:43,0.0,0.0,0.0,0.0,0.0,0.0
271,2022/11/01 15:42:44,0.0,0.0,0.0,0.0,0.0,0.0
272,2022/11/01 15:42:45,0.0,0.0,0.0,0.0,0.0,0.0
273,2022/11/01 15:42:46,0.0,0.0,0.0,0.0,0.0,0.0
274,2022/11/01 15:42:47,0.0,0.0,0.0,0.0,0.0,0.0
275,2022/11/01 15:42:48,0.0,0.0,0.0,0.0,0.0,0.0
276,2022/11/01 15:42:49,0.0,0.0,0.0,0.0,0.0,0.0
277,2022/11/01 15:42:50,0.0,0.0,0.0,0.0,0.0,0.0
278,2022/11/01 15:42:51,0.0,0.0,0.0,0.0,0.0,0.0
279,2022/11/01 15:42:52,0.0,0.0,0.0,0.0,0.0,0.0
280,2022/11/01 15:42:53,0.0,0.0,0.0,0.0,0.0,0.0
281,2022/11/01 15:42:54,0.0,0.0,0.0,0.0,0.0,0.0
282,2022/11/01 15:42:55,0.0,0.0,0.0,0.0,0.0,0.0
283,2022/11/01 15:42:56,0.0,0.0,0.0,0.0,0.0,0.0
284,2022/11/01 15:42:57,0.0,0.0,0.0,0.0,0.0,0.0
285,2022/11/01 15:42:58,0.0,0.0,0.0,0.0,0.0,0.0
286,2022/11/01 15:42:59,0.0,0.0,0.0,0.0,0.0,0.0
287,2022/11/01 15:43:00,0.0,0.0,0.0,0.0,0.0,0.0
288,2022/11/01 15:43:01,0.0,0.0,0.0,0.0,0.0,0.0
289,2022/11/01 15:43:02,0.0,0.0,0.0,0.0,0.0,0.0
290,2022/11/01 15:43:04,0.0,0.0,0.0,0.0,0.0,0.0
291,2022/11/01 15:43:05,0.0,0.0,0.0,0.0,0.0,0.0
292,2022/11/01 15:43:06,0.0,0.0,0.0,0.0,0.0,0.0
293,2022/11/01 15:43:07,0.0,0.0,0.0,0.0,0.0,0.0
294,2022/11/01 15:43:08,0.0,0.0,0.0,0.0,0.0,0.0
295,2022/11/01 15:43:09,0.0,0.0,0.0,0.0,0.0,0.0
296,2022/11/01 15:43:10,0.0,0.0,0.0,0.0,0.0,0.0
297,2022/11/01 15:43:11,0.0,0.0,0.0,0.0,0.0,0.0
298,2022/11/01 15:43:12,0.0,0.0,0.0,0.0,0.0,0.0
299,2022/11/01 15:43:13,0.0,0.0,0.0,0.0,0.0,0.0
300,2022/11/01 15:43:14,0.0,0.0,0.0,0.0,0.0,0.0
301,2022/11/01 15:43:15,0.0,0.0,0.0,0.0,0.0,0.0
302,2022/11/01 15:43:16,0.0,0.0,0.0,0.0,0.0,0.0
303,2022/11/01 15:43:17,0.0,0.0,0.0,0.0,0.0,0.0
304,2022/11/01 15:43:18,0.0,0.0,0.0,0.0,0.0,0.0
305,2022/11/01 15:43:19,0.0,0.0,0.0,0.0,0.0,0.0
306,2022/11/01 15:43:20,0.0,0.0,0.0,0.0,0.0,0.0
307,2022/11/01 15:43:21,0.0,0.0,0.0,0.0,0.0,0.0
308,2022/11/01 15:43:22,0.0,0.0,0.0,0.0,0.0,0.0
309,2022/11/01 15:43:23,0.0,0.0,0.0,0.0,0.0,0.0
310,2022/11/01 15:43:24,0.0,0.0,0.0,0.0,0.0,0.0
311,2022/11/01 15:43:25,0.0,0.0,0.0,0.0,0.0,0.0
312,2022/11/01 15:43:26,0.0,0.0,0.0,0.0,0.0,0.0
313,2022/11/01 15:43:27,0.0,0.0,0.0,0.0,0.0,0.0
314,2022/11/01 15:43:28,0.0,0.0,0.0,0.0,0.0,0.0
315,2022/11/01 15:43:29,0.0,0.0,0.0,0.0,0.0,0.0
316,2022/11/01 15:43:30,0.0,0.0,0.0,0.0,0.0,0.0
317,2022/11/01 15:43:31,0.0,0.0,0.0,0.0,0.0,0.0
318,2022/11/01 15:43:32,0.0,0.0,0.0,0.0,0.0,0.0
319,2022/11/01 15:43:33,0.0,0.0,0.0,0.0,0.0,0.0
320,2022/11/01 15:43:34,0.0,0.0,0.0,0.0,0.0,0.0
321,2022/11/01 15:43:36,0.0,0.0,0.0,0.0,0.0,0.0
322,2022/11/01 15:43:37,0.0,0.0,0.0,0.0,0.0,0.0
323,2022/11/01 15:43:38,0.0,0.0,0.0,0.0,0.0,0.0
324,2022/11/01 15:43:39,0.0,0.0,0.0,0.0,0.0,0.0
325,2022/11/01 15:43:40,0.0,0.0,0.0,0.0,0.0,0.0
326,2022/11/01 15:43:41,0.0,0.0,0.0,0.0,0.0,0.0
327,2022/11/01 15:43:42,0.0,0.0,0.0,0.0,0.0,0.0
328,2022/11/01 15:43:43,0.0,0.0,0.0,0.0,0.0,0.0
329,2022/11/01 15:43:44,0.0,0.0,0.0,0.0,0.0,0.0
330,2022/11/01 15:43:45,0.0,0.0,0.0,0.0,0.0,0.0
331,2022/11/01 15:43:46,0.0,0.0,0.0,0.0,0.0,0.0
332,2022/11/01 15:43:47,0.0,0.0,0.0,0.0,0.0,0.0
333,2022/11/01 15:43:48,0.0,0.0,0.0,0.0,0.0,0.0
334,2022/11/01 15:43:49,0.0,0.0,0.0,0.0,0.0,0.0
335,2022/11/01 15:43:50,0.0,0.0,0.0,0.0,0.0,0.0
336,2022/11/01 15:43:51,0.0,0.0,0.0,0.0,0.0,0.0
337,2022/11/01 15:43:52,0.0,0.0,0.0,0.0,0.0,0.0
338,2022/11/01 15:43:53,0.0,0.0,0.0,0.0,0.0,0.0
339,2022/11/01 15:43:54,0.0,0.0,0.0,0.0,0.0,0.0
340,2022/11/01 15:43:55,0.0,0.0,0.0,0.0,0.0,0.0
341,2022/11/01 15:43:56,0.0,0.0,0.0,0.0,0.0,0.0
342,2022/11/01 15:43:57,0.0,0.0,0.0,0.0,0.0,0.0
343,2022/11/01 15:43:58,0.0,0.0,0.0,0.0,0.0,0.0
344,2022/11/01 15:43:59,0.0,0.0,0.0,0.0,0.0,0.0
345,2022/11/01 15:44:00,0.0,0.0,0.0,0.0,0.0,0.0
346,2022/11/01 15:44:01,0.0,0.0,0.0,0.0,0.0,0.0
347,2022/11/01 15:44:02,0.0,0.0,0.0,0.0,0.0,0.0
348,2022/11/01 15:44:03,0.0,0.0,0.0,0.0,0.0,0.0
349,2022/11/01 15:44:04,0.0,0.0,0.0,0.0,0.0,0.0
350,2022/11/01 15:44:05,0.0,0.0,0.0,0.0,0.0,0.0
351,2022/11/01 15:44:06,0.0,0.0,0.0,0.0,0.0,0.0
352,2022/11/01 15:44:08,0.0,0.0,0.0,0.0,0.0,0.0
353,2022/11/01 15:44:09,0.0,0.0,0.0,0.0,0.0,0.0
354,2022/11/01 15:44:10,0.0,0.0,0.0,0.0,0.0,0.0
355,2022/11/01 15:44:11,0.0,0.0,0.0,0.0,0.0,0.0
356,2022/11/01 15:44:12,0.0,0.0,0.0,0.0,0.0,0.0
357,2022/11/01 15:44:13,0.0,0.0,0.0,0.0,0.0,0.0
358,2022/11/01 15:44:14,0.0,0.0,0.0,0.0,0.0,0.0
359,2022/11/01 15:44:15,0.0,0.0,0.0,0.0,0.0,0.0
360,2022/11/01 15:44:16,0.0,0.0,0.0,0.0,0.0,0.0
361,2022/11/01 15:44:17,0.0,0.0,0.0,0.0,0.0,0.0
362,2022/11/01 15:44:18,0.0,0.0,0.0,0.0,0.0,0.0
363,2022/11/01 15:44:19,0.0,0.0,0.0,0.0,0.0,0.0
364,2022/11/01 15:44:20,0.0,0.0,0.0,0.0,0.0,0.0
365,2022/11/01 15:44:21,0.0,0.0,0.0,0.0,0.0,0.0
366,2022/11/01 15:44:22,0.0,0.0,0.0,0.0,0.0,0.0
367,2022/11/01 15:44:23,0.0,0.0,0.0,0.0,0.0,0.0
368,2022/11/01 15:44:24,0.0,0.0,0.0,0.0,0.0,0.0
369,2022/11/01 15:44:25,0.0,0.0,0.0,0.0,0.0,0.0
370,2022/11/01 15:44:26,0.0,0.0,0.0,0.0,0.0,0.0
371,2022/11/01 15:44:27,0.0,0.0,0.0,0.0,0.0,0.0
372,2022/11/01 15:44:28,0.0,0.0,0.0,0.0,0.0,0.0
373,2022/11/01 15:44:29,0.0,0.0,0.0,0.0,0.0,0.0
374,2022/11/01 15:44:30,0.0,0.0,0.0,0.0,0.0,0.0
375,2022/11/01 15:44:31,0.0,0.0,0.0,0.0,0.0,0.0
376,2022/11/01 15:44:32,0.0,0.0,0.0,0.0,0.0,0.0
377,2022/11/01 15:44:33,0.0,0.0,0.0,0.0,0.0,0.0
378,2022/11/01 15:44:34,0.0,0.0,0.0,0.0,0.0,0.0
379,2022/11/01 15:44:35,0.0,0.0,0.0,0.0,0.0,0.0
380,2022/11/01 15:44:36,0.0,0.0,0.0,0.0,0.0,0.0
381,2022/11/01 15:44:37,0.0,0.0,0.0,0.0,0.0,0.0
382,2022/11/01 15:44:38,0.0,0.0,0.0,0.0,0.0,0.0
383,2022/11/01 15:44:39,0.0,0.0,0.0,0.0,0.0,0.0
384,2022/11/01 15:44:40,0.0,0.0,0.0,0.0,0.0,0.0
385,2022/11/01 15:44:42,0.0,0.0,0.0,0.0,0.0,0.0
386,2022/11/01 15:44:43,0.0,0.0,0.0,0.0,0.0,0.0
387,2022/11/01 15:44:44,0.0,0.0,0.0,0.0,0.0,0.0
388,2022/11/01 15:44:45,0.0,0.0,0.0,0.0,0.0,0.0
389,2022/11/01 15:44:46,0.0,0.0,0.0,0.0,0.0,0.0
390,2022/11/01 15:44:47,0.0,0.0,0.0,0.0,0.0,0.0
391,2022/11/01 15:44:48,0.0,0.0,0.0,0.0,0.0,0.0
392,2022/11/01 15:44:49,0.0,0.0,0.0,0.0,0.0,0.0
393,2022/11/01 15:44:50,0.0,0.0,0.0,0.0,0.0,0.0
394,2022/11/01 15:44:51,0.0,0.0,0.0,0.0,0.0,0.0
395,2022/11/01 15:44:52,0.0,0.0,0.0,0.0,0.0,0.0
396,2022/11/01 15:44:53,0.0,0.0,0.0,0.0,0.0,0.0
397,2022/11/01 15:44:54,0.0,0.0,0.0,0.0,0.0,0.0
398,2022/11/01 15:44:55,0.0,0.0,0.0,0.0,0.0,0.0
399,2022/11/01 15:44:56,0.0,0.0,0.0,0.0,0.0,0.0
400,2022/11/01 15:44:57,0.0,0.0,0.0,0.0,0.0,0.0
401,2022/11/01 15:44:58,0.0,0.0,0.0,0.0,0.0,0.0
402,2022/11/01 15:44:59,0.0,0.0,0.0,0.0,0.0,0.0
403,2022/11/01 15:45:00,0.0,0.0,0.0,0.0,0.0,0.0
404,2022/11/01 15:45:01,0.0,0.0,0.0,0.0,0.0,0.0
405,2022/11/01 15:45:02,0.0,0.0,0.0,0.0,0.0,0.0
406,2022/11/01 15:45:03,0.0,0.0,0.0,0.0,0.0,0.0
407,2022/11/01 15:45:04,0.0,0.0,0.0,0.0,0.0,0.0
408,2022/11/01 15:45:05,0.0,0.0,0.0,0.0,0.0,0.0
409,2022/11/01 15:45:06,0.0,0.0,0.0,0.0,0.0,0.0
410,2022/11/01 15:45:07,0.0,0.0,0.0,0.0,0.0,0.0
411,2022/11/01 15:45:08,0.0,0.0,0.0,0.0,0.0,0.0
412,2022/11/01 15:45:09,0.0,0.0,0.0,0.0,0.0,0.0
413,2022/11/01 15:45:10,0.0,0.0,0.0,0.0,0.0,0.0
414,2022/11/01 15:45:11,0.0,0.0,0.0,0.0,0.0,0.0
415,2022/11/01 15:45:12,0.0,0.0,0.0,0.0,0.0,0.0
416,2022/11/01 15:45:14,0.0,0.0,0.0,0.0,0.0,0.0
417,2022/11/01 15:45:15,0.0,0.0,0.0,0.0,0.0,0.0
418,2022/11/01 15:45:16,0.0,0.0,0.0,0.0,0.0,0.0
419,2022/11/01 15:45:17,0.0,0.0,0.0,0.0,0.0,0.0
420,2022/11/01 15:45:18,0.0,0.0,0.0,0.0,0.0,0.0
421,2022/11/01 15:45:19,0.0,0.0,0.0,0.0,0.0,0.0
422,2022/11/01 15:45:20,0.0,0.0,0.0,0.0,0.0,0.0
423,2022/11/01 15:45:21,0.0,0.0,0.0,0.0,0.0,0.0
424,2022/11/01 15:45:22,0.0,0.0,0.0,0.0,0.0,0.0
425,2022/11/01 15:45:23,0.0,0.0,0.0,0.0,0.0,0.0
426,2022/11/01 15:45:24,0.0,0.0,0.0,0.0,0.0,0.0
427,2022/11/01 15:45:25,0.0,0.0,0.0,0.0,0.0,0.0
428,2022/11/01 15:45:26,0.0,0.0,0.0,0.0,0.0,0.0
429,2022/11/01 15:45:27,0.0,0.0,0.0,0.0,0.0,0.0
430,2022/11/01 15:45:28,0.0,0.0,0.0,0.0,0.0,0.0
431,2022/11/01 15:45:29,0.0,0.0,0.0,0.0,0.0,0.0
432,2022/11/01 15:45:30,0.0,0.0,0.0,0.0,0.0,0.0
433,2022/11/01 15:45:31,0.0,0.0,0.0,0.0,0.0,0.0
434,2022/11/01 15:45:32,0.0,0.0,0.0,0.0,0.0,0.0
435,2022/11/01 15:45:33,0.0,0.0,0.0,0.0,0.0,0.0
436,2022/11/01 15:45:34,0.0,0.0,0.0,0.0,0.0,0.0
437,2022/11/01 15:45:35,0.0,0.0,0.0,0.0,0.0,0.0
438,2022/11/01 15:45:36,0.0,0.0,0.0,0.0,0.0,0.0
439,2022/11/01 15:45:37,0.0,0.0,0.0,0.0,0.0,0.0
440,2022/11/01 15:45:38,0.0,0.0,0.0,0.0,0.0,0.0
441,2022/11/01 15:45:39,0.0,0.0,0.0,0.0,0.0,0.0
442,2022/11/01 15:45:40,0.0,0.0,0.0,0.0,0.0,0.0
443,2022/11/01 15:45:41,0.0,0.0,0.0,0.0,0.0,0.0
444,2022/11/01 15:45:42,0.0,0.0,0.0,0.0,0.0,0.0
445,2022/11/01 15:45:44,0.0,0.0,0.0,0.0,0.0,0.0
446,2022/11/01 15:45:45,0.0,0.0,0.0,0.0,0.0,0.0
447,2022/11/01 15:45:46,0.0,0.0,0.0,0.0,0.0,0.0
448,2022/11/01 15:45:47,0.0,0.0,0.0,0.0,0.0,0.0
449,2022/11/01 15:45:48,0.0,0.0,0.0,0.0,0.0,0.0
450,2022/11/01 15:45:49,0.0,0.0,0.0,0.0,0.0,0.0
451,2022/11/01 15:45:50,0.0,0.0,0.0,0.0,0.0,0.0
452,2022/11/01 15:45:51,0.0,0.0,0.0,0.0,0.0,0.0
453,2022/11/01 15:45:52,0.0,0.0,0.0,0.0,0.0,0.0
454,2022/11/01 15:45:53,0.0,0.0,0.0,0.0,0.0,0.0
455,2022/11/01 15:45:54,0.0,0.0,0.0,0.0,0.0,0.0
456,2022/11/01 15:45:55,0.0,0.0,0.0,0.0,0.0,0.0
457,2022/11/01 15:45:56,0.0,0.0,0.0,0.0,0.0,0.0
458,2022/11/01 15:45:57,0.0,0.0,0.0,0.0,0.0,0.0
459,2022/11/01 15:45:58,0.0,0.0,0.0,0.0,0.0,0.0
460,2022/11/01 15:45:59,0.0,0.0,0.0,0.0,0.0,0.0
461,2022/11/01 15:46:00,0.0,0.0,0.0,0.0,0.0,0.0
462,2022/11/01 15:46:01,0.0,0.0,0.0,0.0,0.0,0.0
463,2022/11/01 15:46:02,0.0,0.0,0.0,0.0,0.0,0.0
464,2022/11/01 15:46:03,0.0,0.0,0.0,0.0,0.0,0.0
465,2022/11/01 15:46:04,0.0,0.0,0.0,0.0,0.0,0.0
466,2022/11/01 15:46:05,0.0,0.0,0.0,0.0,0.0,0.0
467,2022/11/01 15:46:06,0.0,0.0,0.0,0.0,0.0,0.0
468,2022/11/01 15:46:07,0.0,0.0,0.0,0.0,0.0,0.0
469,2022/11/01 15:46:08,0.0,0.0,0.0,0.0,0.0,0.0
470,2022/11/01 15:46:09,0.0,0.0,0.0,0.0,0.0,0.0
471,2022/11/01 15:46:10,0.0,0.0,0.0,0.0,0.0,0.0
472,2022/11/01 15:46:11,0.0,0.0,0.0,0.0,0.0,0.0
473,2022/11/01 15:46:12,0.0,0.0,0.0,0.0,0.0,0.0
474,2022/11/01 15:46:13,0.0,0.0,0.0,0.0,0.0,0.0
475,2022/11/01 15:46:15,0.0,0.0,0.0,0.0,0.0,0.0
476,2022/11/01 15:46:16,0.0,0.0,0.0,0.0,0.0,0.0
477,2022/11/01 15:46:17,0.0,0.0,0.0,0.0,0.0,0.0
478,2022/11/01 15:46:18,0.0,0.0,0.0,0.0,0.0,0.0
479,2022/11/01 15:46:19,0.0,0.0,0.0,0.0,0.0,0.0
480,2022/11/01 15:46:20,0.0,0.0,0.0,0.0,0.0,0.0
481,2022/11/01 15:46:21,0.0,0.0,0.0,0.0,0.0,0.0
482,2022/11/01 15:46:22,0.0,0.0,0.0,0.0,0.0,0.0
483,2022/11/01 15:46:23,0.0,0.0,0.0,0.0,0.0,0.0
484,2022/11/01 15:46:24,0.0,0.0,0.0,0.0,0.0,0.0
485,2022/11/01 15:46:25,0.0,0.0,0.0,0.0,0.0,0.0
486,2022/11/01 15:46:26,0.0,0.0,0.0,0.0,0.0,0.0
487,2022/11/01 15:46:27,0.0,0.0,0.0,0.0,0.0,0.0
488,2022/11/01 15:46:28,0.0,0.0,0.0,0.0,0.0,0.0
489,2022/11/01 15:46:29,0.0,0.0,0.0,0.0,0.0,0.0
490,2022/11/01 15:46:30,0.0,0.0,0.0,0.0,0.0,0.0
491,2022/11/01 15:46:31,0.0,0.0,0.0,0.0,0.0,0.0
492,2022/11/01 15:46:32,0.0,0.0,0.0,0.0,0.0,0.0
493,2022/11/01 15:46:33,0.0,0.0,0.0,0.0,0.0,0.0
494,2022/11/01 15:46:34,0.0,0.0,0.0,0.0,0.0,0.0
495,2022/11/01 15:46:35,0.0,0.0,0.0,0.0,0.0,0.0
496,2022/11/01 15:46:36,0.0,0.0,0.0,0.0,0.0,0.0
497,2022/11/01 15:46:37,0.0,0.0,0.0,0.0,0.0,0.0
498,2022/11/01 15:46:38,0.0,0.0,0.0,0.0,0.0,0.0
499,2022/11/01 15:46:39,0.0,0.0,0.0,0.0,0.0,0.0
500,2022/11/01 15:46:40,0.0,0.0,0.0,0.0,0.0,0.0
501,2022/11/01 15:46:41,0.0,0.0,0.0,0.0,0.0,0.0
502,2022/11/01 15:46:42,0.0,0.0,0.0,0.0,0.0,0.0
503,2022/11/01 15:46:43,0.0,0.0,0.0,0.0,0.0,0.0
504,2022/11/01 15:46:44,0.0,0.0,0.0,0.0,0.0,0.0
505,2022/11/01 15:46:45,0.0,0.0,0.0,0.0,0.0,0.0
506,2022/11/01 15:46:46,0.0,0.0,0.0,0.0,0.0,0.0
507,2022/11/01 15:46:48,0.0,0.0,0.0,0.0,0.0,0.0
508,2022/11/01 15:46:49,0.0,0.0,0.0,0.0,0.0,0.0
509,2022/11/01 15:46:50,0.0,0.0,0.0,0.0,0.0,0.0
510,2022/11/01 15:46:51,0.0,0.0,0.0,0.0,0.0,0.0
511,2022/11/01 15:46:52,0.0,0.0,0.0,0.0,0.0,0.0
512,2022/11/01 15:46:53,0.0,0.0,0.0,0.0,0.0,0.0
513,2022/11/01 15:46:54,0.0,0.0,0.0,0.0,0.0,0.0
514,2022/11/01 15:46:55,0.0,0.0,0.0,0.0,0.0,0.0
515,2022/11/01 15:46:56,0.0,0.0,0.0,0.0,0.0,0.0
516,2022/11/01 15:46:57,0.0,0.0,0.0,0.0,0.0,0.0
517,2022/11/01 15:46:58,0.0,0.0,0.0,0.0,0.0,0.0
518,2022/11/01 15:46:59,0.0,0.0,0.0,0.0,0.0,0.0
519,2022/11/01 15:47:00,0.0,0.0,0.0,0.0,0.0,0.0
520,2022/11/01 15:47:01,0.0,0.0,0.0,0.0,0.0,0.0
521,2022/11/01 15:47:02,0.0,0.0,0.0,0.0,0.0,0.0
522,2022/11/01 15:47:03,0.0,0.0,0.0,0.0,0.0,0.0
523,2022/11/01 15:47:04,0.0,0.0,0.0,0.0,0.0,0.0
524,2022/11/01 15:47:05,0.0,0.0,0.0,0.0,0.0,0.0
525,2022/11/01 15:47:06,0.0,0.0,0.0,0.0,0.0,0.0
526,2022/11/01 15:47:07,0.0,0.0,0.0,0.0,0.0,0.0
527,2022/11/01 15:47:08,0.0,0.0,0.0,0.0,0.0,0.0
528,2022/11/01 15:47:09,0.0,0.0,0.0,0.0,0.0,0.0
529,2022/11/01 15:47:10,0.0,0.0,0.0,0.0,0.0,0.0
530,2022/11/01 15:47:11,0.0,0.0,0.0,0.0,0.0,0.0
531,2022/11/01 15:47:12,0.0,0.0,0.0,0.0,0.0,0.0
532,2022/11/01 15:47:13,0.0,0.0,0.0,0.0,0.0,0.0
533,2022/11/01 15:47:14,0.0,0.0,0.0,0.0,0.0,0.0
534,2022/11/01 15:47:15,0.0,0.0,0.0,0.0,0.0,0.0
535,2022/11/01 15:47:16,0.0,0.0,0.0,0.0,0.0,0.0
536,2022/11/01 15:47:17,0.0,0.0,0.0,0.0,0.0,0.0
537,2022/11/01 15:47:19,0.0,0.0,0.0,0.0,0.0,0.0
538,2022/11/01 15:47:20,0.0,0.0,0.0,0.0,0.0,0.0
539,2022/11/01 15:47:21,0.0,0.0,0.0,0.0,0.0,0.0
540,2022/11/01 15:47:22,0.0,0.0,0.0,0.0,0.0,0.0
541,2022/11/01 15:47:23,0.0,0.0,0.0,0.0,0.0,0.0
542,2022/11/01 15:47:24,0.0,0.0,0.0,0.0,0.0,0.0
543,2022/11/01 15:47:25,0.0,0.0,0.0,0.0,0.0,0.0
544,2022/11/01 15:47:26,0.0,0.0,0.0,0.0,0.0,0.0
545,2022/11/01 15:47:27,0.0,0.0,0.0,0.0,0.0,0.0
546,2022/11/01 15:47:28,0.0,0.0,0.0,0.0,0.0,0.0
547,2022/11/01 15:47:29,0.0,0.0,0.0,0.0,0.0,0.0
548,2022/11/01 15:47:30,0.0,0.0,0.0,0.0,0.0,0.0
549,2022/11/01 15:47:31,0.0,0.0,0.0,0.0,0.0,0.0
550,2022/11/01 15:47:32,0.0,0.0,0.0,0.0,0.0,0.0
551,2022/11/01 15:47:33,0.0,0.0,0.0,0.0,0.0,0.0
552,2022/11/01 15:47:34,0.0,0.0,0.0,0.0,0.0,0.0
553,2022/11/01 15:47:35,0.0,0.0,0.0,0.0,0.0,0.0
554,2022/11/01 15:47:36,0.0,0.0,0.0,0.0,0.0,0.0
555,2022/11/01 15:47:37,0.0,0.0,0.0,0.0,0.0,0.0
556,2022/11/01 15:47:38,0.0,0.0,0.0,0.0,0.0,0.0
557,2022/11/01 15:47:39,0.0,0.0,0.0,0.0,0.0,0.0
558,2022/11/01 15:47:40,0.0,0.0,0.0,0.0,0.0,0.0
559,2022/11/01 15:47:41,0.0,0.0,0.0,0.0,0.0,0.0
560,2022/11/01 15:47:42,0.0,0.0,0.0,0.0,0.0,0.0
561,2022/11/01 15:47:43,0.0,0.0,0.0,0.0,0.0,0.0
562,2022/11/01 15:47:44,0.0,0.0,0.0,0.0,0.0,0.0
563,2022/11/01 15:47:45,0.0,0.0,0.0,0.0,0.0,0.0
564,2022/11/01 15:47:46,0.0,0.0,0.0,0.0,0.0,0.0
565,2022/11/01 15:47:47,0.0,0.0,0.0,0.0,0.0,0.0
566,2022/11/01 15:47:48,0.0,0.0,0.0,0.0,0.0,0.0
567,2022/11/01 15:47:50,0.0,0.0,0.0,0.0,0.0,0.0
568,2022/11/01 15:47:51,0.0,0.0,0.0,0.0,0.0,0.0
569,2022/11/01 15:47:52,0.0,0.0,0.0,0.0,0.0,0.0
570,2022/11/01 15:47:53,0.0,0.0,0.0,0.0,0.0,0.0
571,2022/11/01 15:47:54,0.0,0.0,0.0,0.0,0.0,0.0
572,2022/11/01 15:47:55,0.0,0.0,0.0,0.0,0.0,0.0
573,2022/11/01 15:47:56,0.0,0.0,0.0,0.0,0.0,0.0
574,2022/11/01 15:47:57,0.0,0.0,0.0,0.0,0.0,0.0
575,2022/11/01 15:47:58,0.0,0.0,0.0,0.0,0.0,0.0
576,2022/11/01 15:47:59,0.0,0.0,0.0,0.0,0.0,0.0
577,2022/11/01 15:48:00,0.0,0.0,0.0,0.0,0.0,0.0
578,2022/11/01 15:48:01,0.0,0.0,0.0,0.0,0.0,0.0
579,2022/11/01 15:48:02,0.0,0.0,0.0,0.0,0.0,0.0
580,2022/11/01 15:48:03,0.0,0.0,0.0,0.0,0.0,0.0
581,2022/11/01 15:48:04,0.0,0.0,0.0,0.0,0.0,0.0
582,2022/11/01 15:48:05,0.0,0.0,0.0,0.0,0.0,0.0
583,2022/11/01 15:48:06,0.0,0.0,0.0,0.0,0.0,0.0
584,2022/11/01 15:48:07,0.0,0.0,0.0,0.0,0.0,0.0
585,2022/11/01 15:48:08,0.0,0.0,0.0,0.0,0.0,0.0
586,2022/11/01 15:48:09,0.0,0.0,0.0,0.0,0.0,0.0
587,2022/11/01 15:48:10,0.0,0.0,0.0,0.0,0.0,0.0
588,2022/11/01 15:48:11,0.0,0.0,0.0,0.0,0.0,0.0
589,2022/11/01 15:48:12,0.0,0.0,0.0,0.0,0.0,0.0
590,2022/11/01 15:48:13,0.0,0.0,0.0,0.0,0.0,0.0
591,2022/11/01 15:48:14,0.0,0.0,0.0,0.0,0.0,0.0
592,2022/11/01 15:48:15,0.0,0.0,0.0,0.0,0.0,0.0
593,2022/11/01 15:48:16,0.0,0.0,0.0,0.0,0.0,0.0
594,2022/11/01 15:48:17,0.0,0.0,0.0,0.0,0.0,0.0
595,2022/11/01 15:48:18,0.0,0.0,0.0,0.0,0.0,0.0
596,2022/11/01 15:48:19,0.0,0.0,0.0,0.0,0.0,0.0
597,2022/11/01 15:48:20,0.0,0.0,0.0,0.0,0.0,0.0
598,2022/11/01 15:48:21,0.0,0.0,0.0,0.0,0.0,0.0
599,2022/11/01 15:48:23,0.0,0.0,0.0,0.0,0.0,0.0
600,2022/11/01 15:48:24,0.0,0.0,0.0,0.0,0.0,0.0
601,2022/11/01 15:48:25,0.0,0.0,0.0,0.0,0.0,0.0
602,2022/11/01 15:48:26,0.0,0.0,0.0,0.0,0.0,0.0
603,2022/11/01 15:48:27,0.0,0.0,0.0,0.0,0.0,0.0
604,2022/11/01 15:48:28,0.0,0.0,0.0,0.0,0.0,0.0
605,2022/11/01 15:48:29,0.0,0.0,0.0,0.0,0.0,0.0
606,2022/11/01 15:48:30,0.0,0.0,0.0,0.0,0.0,0.0
607,2022/11/01 15:48:31,0.0,0.0,0.0,0.0,0.0,0.0
608,2022/11/01 15:48:32,0.0,0.0,0.0,0.0,0.0,0.0
609,2022/11/01 15:48:33,0.0,0.0,0.0,0.0,0.0,0.0
610,2022/11/01 15:48:34,0.0,0.0,0.0,0.0,0.0,0.0
611,2022/11/01 15:48:35,0.0,0.0,0.0,0.0,0.0,0.0
612,2022/11/01 15:48:36,0.0,0.0,0.0,0.0,0.0,0.0
613,2022/11/01 15:48:37,0.0,0.0,0.0,0.0,0.0,0.0
614,2022/11/01 15:48:38,0.0,0.0,0.0,0.0,0.0,0.0
615,2022/11/01 15:48:39,0.0,0.0,0.0,0.0,0.0,0.0
616,2022/11/01 15:48:40,0.0,0.0,0.0,0.0,0.0,0.0
617,2022/11/01 15:48:41,0.0,0.0,0.0,0.0,0.0,0.0
618,2022/11/01 15:48:42,0.0,0.0,0.0,0.0,0.0,0.0
619,2022/11/01 15:48:43,0.0,0.0,0.0,0.0,0.0,0.0
620,2022/11/01 15:48:44,0.0,0.0,0.0,0.0,0.0,0.0
621,2022/11/01 15:48:45,0.0,0.0,0.0,0.0,0.0,0.0
622,2022/11/01 15:48:46,0.0,0.0,0.0,0.0,0.0,0.0
623,2022/11/01 15:48:47,0.0,0.0,0.0,0.0,0.0,0.0
624,2022/11/01 15:48:48,0.0,0.0,0.0,0.0,0.0,0.0
625,2022/11/01 15:48:49,0.0,0.0,0.0,0.0,0.0,0.0
626,2022/11/01 15:48:50,0.0,0.0,0.0,0.0,0.0,0.0
627,2022/11/01 15:48:51,0.0,0.0,0.0,0.0,0.0,0.0
628,2022/11/01 15:48:52,0.0,0.0,0.0,0.0,0.0,0.0
629,2022/11/01 15:48:54,0.0,0.0,0.0,0.0,0.0,0.0
630,2022/11/01 15:48:55,0.0,0.0,0.0,0.0,0.0,0.0
631,2022/11/01 15:48:56,0.0,0.0,0.0,0.0,0.0,0.0
632,2022/11/01 15:48:57,0.0,0.0,0.0,0.0,0.0,0.0
633,2022/11/01 15:48:58,0.0,0.0,0.0,0.0,0.0,0.0
634,2022/11/01 15:48:59,0.0,0.0,0.0,0.0,0.0,0.0
635,2022/11/01 15:49:00,0.0,0.0,0.0,0.0,0.0,0.0
636,2022/11/01 15:49:01,0.0,0.0,0.0,0.0,0.0,0.0
637,2022/11/01 15:49:02,0.0,0.0,0.0,0.0,0.0,0.0
638,2022/11/01 15:49:03,0.0,0.0,0.0,0.0,0.0,0.0
639,2022/11/01 15:49:04,0.0,0.0,0.0,0.0,0.0,0.0
640,2022/11/01 15:49:05,0.0,0.0,0.0,0.0,0.0,0.0
641,2022/11/01 15:49:06,0.0,0.0,0.0,0.0,0.0,0.0
642,2022/11/01 15:49:07,0.0,0.0,0.0,0.0,0.0,0.0
643,2022/11/01 15:49:08,0.0,0.0,0.0,0.0,0.0,0.0
644,2022/11/01 15:49:09,0.0,0.0,0.0,0.0,0.0,0.0
645,2022/11/01 15:49:10,0.0,0.0,0.0,0.0,0.0,0.0
646,2022/11/01 15:49:11,0.0,0.0,0.0,0.0,0.0,0.0
647,2022/11/01 15:49:12,0.0,0.0,0.0,0.0,0.0,0.0
648,2022/11/01 15:49:13,0.0,0.0,0.0,0.0,0.0,0.0
649,2022/11/01 15:49:14,0.0,0.0,0.0,0.0,0.0,0.0
650,2022/11/01 15:49:15,0.0,0.0,0.0,0.0,0.0,0.0
651,2022/11/01 15:49:16,0.0,0.0,0.0,0.0,0.0,0.0
652,2022/11/01 15:49:17,0.0,0.0,0.0,0.0,0.0,0.0
653,2022/11/01 15:49:18,0.0,0.0,0.0,0.0,0.0,0.0
654,2022/11/01 15:49:19,0.0,0.0,0.0,0.0,0.0,0.0
655,2022/11/01 15:49:20,0.0,0.0,0.0,0.0,0.0,0.0
656,2022/11/01 15:49:21,0.0,0.0,0.0,0.0,0.0,0.0
657,2022/11/01 15:49:22,0.0,0.0,0.0,0.0,0.0,0.0
658,2022/11/01 15:49:23,0.0,0.0,0.0,0.0,0.0,0.0
659,2022/11/01 15:49:24,0.0,0.0,0.0,0.0,0.0,0.0
660,2022/11/01 15:49:25,0.0,0.0,0.0,0.0,0.0,0.0
661,2022/11/01 15:49:27,0.0,0.0,0.0,0.0,0.0,0.0
662,2022/11/01 15:49:28,0.0,0.0,0.0,0.0,0.0,0.0
663,2022/11/01 15:49:29,0.0,0.0,0.0,0.0,0.0,0.0
664,2022/11/01 15:49:30,0.0,0.0,0.0,0.0,0.0,0.0
665,2022/11/01 15:49:31,0.0,0.0,0.0,0.0,0.0,0.0
666,2022/11/01 15:49:32,0.0,0.0,0.0,0.0,0.0,0.0
667,2022/11/01 15:49:33,0.0,0.0,0.0,0.0,0.0,0.0
668,2022/11/01 15:49:34,0.0,0.0,0.0,0.0,0.0,0.0
669,2022/11/01 15:49:35,0.0,0.0,0.0,0.0,0.0,0.0
670,2022/11/01 15:49:36,0.0,0.0,0.0,0.0,0.0,0.0
671,2022/11/01 15:49:37,0.0,0.0,0.0,0.0,0.0,0.0
672,2022/11/01 15:49:38,0.0,0.0,0.0,0.0,0.0,0.0
673,2022/11/01 15:49:39,0.0,0.0,0.0,0.0,0.0,0.0
674,2022/11/01 15:49:40,0.0,0.0,0.0,0.0,0.0,0.0
675,2022/11/01 15:49:41,0.0,0.0,0.0,0.0,0.0,0.0
676,2022/11/01 15:49:42,0.0,0.0,0.0,0.0,0.0,0.0
677,2022/11/01 15:49:43,0.0,0.0,0.0,0.0,0.0,0.0
678,2022/11/01 15:49:44,0.0,0.0,0.0,0.0,0.0,0.0
679,2022/11/01 15:49:45,0.0,0.0,0.0,0.0,0.0,0.0
680,2022/11/01 15:49:46,0.0,0.0,0.0,0.0,0.0,0.0
681,2022/11/01 15:49:47,0.0,0.0,0.0,0.0,0.0,0.0
682,2022/11/01 15:49:48,0.0,0.0,0.0,0.0,0.0,0.0
683,2022/11/01 15:49:49,0.0,0.0,0.0,0.0,0.0,0.0
684,2022/11/01 15:49:50,0.0,0.0,0.0,0.0,0.0,0.0
685,2022/11/01 15:49:51,0.0,0.0,0.0,0.0,0.0,0.0
686,2022/11/01 15:49:52,0.0,0.0,0.0,0.0,0.0,0.0
687,2022/11/01 15:49:53,0.0,0.0,0.0,0.0,0.0,0.0
688,2022/11/01 15:49:54,0.0,0.0,0.0,0.0,0.0,0.0
689,2022/11/01 15:49:55,0.0,0.0,0.0,0.0,0.0,0.0
690,2022/11/01 15:49:57,0.0,0.0,0.0,0.0,0.0,0.0
691,2022/11/01 15:49:58,0.0,0.0,0.0,0.0,0.0,0.0
692,2022/11/01 15:49:59,0.0,0.0,0.0,0.0,0.0,0.0
693,2022/11/01 15:50:00,0.0,0.0,0.0,0.0,0.0,0.0
694,2022/11/01 15:50:01,0.0,0.0,0.0,0.0,0.0,0.0
695,2022/11/01 15:50:02,0.0,0.0,0.0,0.0,0.0,0.0
696,2022/11/01 15:50:03,0.0,0.0,0.0,0.0,0.0,0.0
697,2022/11/01 15:50:04,0.0,0.0,0.0,0.0,0.0,0.0
698,2022/11/01 15:50:05,0.0,0.0,0.0,0.0,0.0,0.0
699,2022/11/01 15:50:06,0.0,0.0,0.0,0.0,0.0,0.0
700,2022/11/01 15:50:07,0.0,0.0,0.0,0.0,0.0,0.0
701,2022/11/01 15:50:08,0.0,0.0,0.0,0.0,0.0,0.0
702,2022/11/01 15:50:09,0.0,0.0,0.0,0.0,0.0,0.0
703,2022/11/01 15:50:10,0.0,0.0,0.0,0.0,0.0,0.0
704,2022/11/01 15:50:11,0.0,0.0,0.0,0.0,0.0,0.0
705,2022/11/01 15:50:12,0.0,0.0,0.0,0.0,0.0,0.0
706,2022/11/01 15:50:13,0.0,0.0,0.0,0.0,0.0,0.0
707,2022/11/01 15:50:14,0.0,0.0,0.0,0.0,0.0,0.0
708,2022/11/01 15:50:15,0.0,0.0,0.0,0.0,0.0,0.0
709,2022/11/01 15:50:16,0.0,0.0,0.0,0.0,0.0,0.0
710,2022/11/01 15:50:17,0.0,0.0,0.0,0.0,0.0,0.0
711,2022/11/01 15:50:18,0.0,0.0,0.0,0.0,0.0,0.0
712,2022/11/01 15:50:19,0.0,0.0,0.0,0.0,0.0,0.0
713,2022/11/01 15:50:20,0.0,0.0,0.0,0.0,0.0,0.0
714,2022/11/01 15:50:21,0.0,0.0,0.0,0.0,0.0,0.0
715,2022/11/01 15:50:22,0.0,0.0,0.0,0.0,0.0,0.0
716,2022/11/01 15:50:23,0.0,0.0,0.0,0.0,0.0,0.0
717,2022/11/01 15:50:24,0.0,0.0,0.0,0.0,0.0,0.0
718,2022/11/01 15:50:25,0.0,0.0,0.0,0.0,0.0,0.0
719,2022/11/01 15:50:26,0.0,0.0,0.0,0.0,0.0,0.0
720,2022/11/01 15:50:27,0.0,0.0,0.0,0.0,0.0,0.0
721,2022/11/01 15:50:28,0.0,0.0,0.0,0.0,0.0,0.0
722,2022/11/01 15:50:30,0.0,0.0,0.0,0.0,0.0,0.0
723,2022/11/01 15:50:31,0.0,0.0,0.0,0.0,0.0,0.0
724,2022/11/01 15:50:32,0.0,0.0,0.0,0.0,0.0,0.0
725,2022/11/01 15:50:33,0.0,0.0,0.0,0.0,0.0,0.0
726,2022/11/01 15:50:34,0.0,0.0,0.0,0.0,0.0,0.0
727,2022/11/01 15:50:35,0.0,0.0,0.0,0.0,0.0,0.0
728,2022/11/01 15:50:36,0.0,0.0,0.0,0.0,0.0,0.0
729,2022/11/01 15:50:37,0.0,0.0,0.0,0.0,0.0,0.0
730,2022/11/01 15:50:38,0.0,0.0,0.0,0.0,0.0,0.0
731,2022/11/01 15:50:39,0.0,0.0,0.0,0.0,0.0,0.0
732,2022/11/01 15:50:40,0.0,0.0,0.0,0.0,0.0,0.0
733,2022/11/01 15:50:41,0.0,0.0,0.0,0.0,0.0,0.0
734,2022/11/01 15:50:42,0.0,0.0,0.0,0.0,0.0,0.0
735,2022/11/01 15:50:43,0.0,0.0,0.0,0.0,0.0,0.0
736,2022/11/01 15:50:44,0.0,0.0,0.0,0.0,0.0,0.0
737,2022/11/01 15:50:45,0.0,0.0,0.0,0.0,0.0,0.0
738,2022/11/01 15:50:46,0.0,0.0,0.0,0.0,0.0,0.0
739,2022/11/01 15:50:47,0.0,0.0,0.0,0.0,0.0,0.0
740,2022/11/01 15:50:48,0.0,0.0,0.0,0.0,0.0,0.0
741,2022/11/01 15:50:49,0.0,0.0,0.0,0.0,0.0,0.0
742,2022/11/01 15:50:50,0.0,0.0,0.0,0.0,0.0,0.0
743,2022/11/01 15:50:51,0.0,0.0,0.0,0.0,0.0,0.0
744,2022/11/01 15:50:52,0.0,0.0,0.0,0.0,0.0,0.0
745,2022/11/01 15:50:53,0.0,0.0,0.0,0.0,0.0,0.0
746,2022/11/01 15:50:54,0.0,0.0,0.0,0.0,0.0,0.0
747,2022/11/01 15:50:55,0.0,0.0,0.0,0.0,0.0,0.0
748,2022/11/01 15:50:56,0.0,0.0,0.0,0.0,0.0,0.0
749,2022/11/01 15:50:57,0.0,0.0,0.0,0.0,0.0,0.0
750,2022/11/01 15:50:58,0.0,0.0,0.0,0.0,0.0,0.0
751,2022/11/01 15:50:59,0.0,0.0,0.0,0.0,0.0,0.0
752,2022/11/01 15:51:01,0.0,0.0,0.0,0.0,0.0,0.0
753,2022/11/01 15:51:02,0.0,0.0,0.0,0.0,0.0,0.0
754,2022/11/01 15:51:03,0.0,0.0,0.0,0.0,0.0,0.0
755,2022/11/01 15:51:04,0.0,0.0,0.0,0.0,0.0,0.0
756,2022/11/01 15:51:05,0.0,0.0,0.0,0.0,0.0,0.0
757,2022/11/01 15:51:06,0.0,0.0,0.0,0.0,0.0,0.0
758,2022/11/01 15:51:07,0.0,0.0,0.0,0.0,0.0,0.0
759,2022/11/01 15:51:08,0.0,0.0,0.0,0.0,0.0,0.0
760,2022/11/01 15:51:09,0.0,0.0,0.0,0.0,0.0,0.0
761,2022/11/01 15:51:10,0.0,0.0,0.0,0.0,0.0,0.0
762,2022/11/01 15:51:11,0.0,0.0,0.0,0.0,0.0,0.0
763,2022/11/01 15:51:12,0.0,0.0,0.0,0.0,0.0,0.0
764,2022/11/01 15:51:13,0.0,0.0,0.0,0.0,0.0,0.0
765,2022/11/01 15:51:14,0.0,0.0,0.0,0.0,0.0,0.0
766,2022/11/01 15:51:15,0.0,0.0,0.0,0.0,0.0,0.0
767,2022/11/01 15:51:16,0.0,0.0,0.0,0.0,0.0,0.0
768,2022/11/01 15:51:17,0.0,0.0,0.0,0.0,0.0,0.0
769,2022/11/01 15:51:18,0.0,0.0,0.0,0.0,0.0,0.0
770,2022/11/01 15:51:19,0.0,0.0,0.0,0.0,0.0,0.0
771,2022/11/01 15:51:20,0.0,0.0,0.0,0.0,0.0,0.0
772,2022/11/01 15:51:21,0.0,0.0,0.0,0.0,0.0,0.0
773,2022/11/01 15:51:22,0.0,0.0,0.0,0.0,0.0,0.0
774,2022/11/01 15:51:23,0.0,0.0,0.0,0.0,0.0,0.0
775,2022/11/01 15:51:24,0.0,0.0,0.0,0.0,0.0,0.0
776,2022/11/01 15:51:25,0.0,0.0,0.0,0.0,0.0,0.0
777,2022/11/01 15:51:26,0.0,0.0,0.0,0.0,0.0,0.0
778,2022/11/01 15:51:27,0.0,0.0,0.0,0.0,0.0,0.0
779,2022/11/01 15:51:28,0.0,0.0,0.0,0.0,0.0,0.0
780,2022/11/01 15:51:29,0.0,0.0,0.0,0.0,0.0,0.0
781,2022/11/01 15:51:30,0.0,0.0,0.0,0.0,0.0,0.0
782,2022/11/01 15:51:32,0.0,0.0,0.0,0.0,0.0,0.0
783,2022/11/01 15:51:33,0.0,0.0,0.0,0.0,0.0,0.0
784,2022/11/01 15:51:34,0.0,0.0,0.0,0.0,0.0,0.0
785,2022/11/01 15:51:35,0.0,0.0,0.0,0.0,0.0,0.0
786,2022/11/01 15:51:36,0.0,0.0,0.0,0.0,0.0,0.0
787,2022/11/01 15:51:37,0.0,0.0,0.0,0.0,0.0,0.0
788,2022/11/01 15:51:38,0.0,0.0,0.0,0.0,0.0,0.0
789,2022/11/01 15:51:39,0.0,0.0,0.0,0.0,0.0,0.0
790,2022/11/01 15:51:40,0.0,0.0,0.0,0.0,0.0,0.0
791,2022/11/01 15:51:41,0.0,0.0,0.0,0.0,0.0,0.0
792,2022/11/01 15:51:42,0.0,0.0,0.0,0.0,0.0,0.0
793,2022/11/01 15:51:43,0.0,0.0,0.0,0.0,0.0,0.0
794,2022/11/01 15:51:44,0.0,0.0,0.0,0.0,0.0,0.0
795,2022/11/01 15:51:45,0.0,0.0,0.0,0.0,0.0,0.0
796,2022/11/01 15:51:46,0.0,0.0,0.0,0.0,0.0,0.0
797,2022/11/01 15:51:47,0.0,0.0,0.0,0.0,0.0,0.0
798,2022/11/01 15:51:48,0.0,0.0,0.0,0.0,0.0,0.0
799,2022/11/01 15:51:49,0.0,0.0,0.0,0.0,0.0,0.0
800,2022/11/01 15:51:50,0.0,0.0,0.0,0.0,0.0,0.0
801,2022/11/01 15:51:51,0.0,0.0,0.0,0.0,0.0,0.0
802,2022/11/01 15:51:52,0.0,0.0,0.0,0.0,0.0,0.0
803,2022/11/01 15:51:53,0.0,0.0,0.0,0.0,0.0,0.0
804,2022/11/01 15:51:54,0.0,0.0,0.0,0.0,0.0,0.0
805,2022/11/01 15:51:55,0.0,0.0,0.0,0.0,0.0,0.0
806,2022/11/01 15:51:56,0.0,0.0,0.0,0.0,0.0,0.0
807,2022/11/01 15:51:57,0.0,0.0,0.0,0.0,0.0,0.0
808,2022/11/01 15:51:58,0.0,0.0,0.0,0.0,0.0,0.0
809,2022/11/01 15:51:59,0.0,0.0,0.0,0.0,0.0,0.0
810,2022/11/01 15:52:00,0.0,0.0,0.0,0.0,0.0,0.0
811,2022/11/01 15:52:01,0.0,0.0,0.0,0.0,0.0,0.0
812,2022/11/01 15:52:02,0.0,0.0,0.0,0.0,0.0,0.0
813,2022/11/01 15:52:03,0.0,0.0,0.0,0.0,0.0,0.0
814,2022/11/01 15:52:05,0.0,0.0,0.0,0.0,0.0,0.0
815,2022/11/01 15:52:06,0.0,0.0,0.0,0.0,0.0,0.0
816,2022/11/01 15:52:07,0.0,0.0,0.0,0.0,0.0,0.0
817,2022/11/01 15:52:08,0.0,0.0,0.0,0.0,0.0,0.0
818,2022/11/01 15:52:09,0.0,0.0,0.0,0.0,0.0,0.0
819,2022/11/01 15:52:10,0.0,0.0,0.0,0.0,0.0,0.0
820,2022/11/01 15:52:11,0.0,0.0,0.0,0.0,0.0,0.0
821,2022/11/01 15:52:12,0.0,0.0,0.0,0.0,0.0,0.0
822,2022/11/01 15:52:13,0.0,0.0,0.0,0.0,0.0,0.0
823,2022/11/01 15:52:14,0.0,0.0,0.0,0.0,0.0,0.0
824,2022/11/01 15:52:15,-24.63031010005513,17.601044494499593,42.23135459455472,-15.935037532290531,16.43210598444145,32.36714351673198
825,2022/11/01 15:52:16,-27.14508257930191,27.034484277028948,54.17956685633086,-18.533405229029615,18.96752545567628,37.50093068470589
826,2022/11/01 15:52:17,0.0,0.0,0.0,0.0,0.0,0.0
827,2022/11/01 15:52:18,-26.362943414283144,16.583202540591223,42.94614595487437,-18.533405229029615,19.016511889909793,37.549917118939405
828,2022/11/01 15:52:19,0.0,0.0,0.0,0.0,0.0,0.0
829,2022/11/01 15:52:20,0.0,0.0,0.0,0.0,0.0,0.0
830,2022/11/01 15:52:21,-26.624893404675376,17.752797989945595,44.37769139462097,-18.582644588282353,19.016511889909793,37.59915647819214
831,2022/11/01 15:52:22,0.0,0.0,0.0,0.0,0.0,0.0
832,2022/11/01 15:52:23,-20.869519754276855,17.752797989945595,38.62231774422245,-17.293324057052658,17.93222917915423,35.22555323620689
833,2022/11/01 15:52:24,0.0,0.0,0.0,0.0,0.0,0.0
834,2022/11/01 15:52:25,-26.362943414283144,16.787614848167536,43.15055826245068,-10.275410880135654,10.796326209022036,21.07173708915769
835,2022/11/01 15:52:26,-27.101922739287886,27.034484277028948,54.13640701631684,-17.642290051898662,18.328097556300154,35.97038760819882
836,2022/11/01 15:52:27,-26.31916504253638,20.29389980265505,46.61306484519143,-13.319534215292169,13.673701182373021,26.993235397665188
837,2022/11/01 15:52:28,0.0,0.0,0.0,0.0,0.0,0.0
838,2022/11/01 15:52:29,-20.486574963716727,17.752797989945595,38.239372953662325,-16.44034171991469,18.91851021525037,35.35885193516506
839,2022/11/01 15:52:30,0.0,0.0,0.0,0.0,0.0,0.0
840,2022/11/01 15:52:31,-26.362943414283144,18.307117681669833,44.670061095952974,-17.34325810682922,16.331244073941072,33.67450218077029
841,2022/11/01 15:52:32,0.0,0.0,0.0,0.0,0.0,0.0
842,2022/11/01 15:52:33,-26.624893404675376,19.554288528810826,46.179181933486205,-14.249722995043616,14.601046845920218,28.850769840963835
843,2022/11/01 15:52:34,-26.79884004329471,27.034484277028948,53.833324320323655,-15.732196371967547,15.723901732398916,31.45609810436646
844,2022/11/01 15:52:36,-26.362943414283144,16.68546071352553,43.04840412780867,-15.732196371967547,18.91851021525037,34.65070658721792
845,2022/11/01 15:52:37,0.0,0.0,0.0,0.0,0.0,0.0
846,2022/11/01 15:52:38,0.0,0.0,0.0,0.0,0.0,0.0
847,2022/11/01 15:52:39,0.0,0.0,0.0,0.0,0.0,0.0
848,2022/11/01 15:52:40,0.0,0.0,0.0,0.0,0.0,0.0
849,2022/11/01 15:52:41,0.0,0.0,0.0,0.0,0.0,0.0
850,2022/11/01 15:52:42,0.0,0.0,0.0,0.0,0.0,0.0
851,2022/11/01 15:52:43,-27.05872846092032,27.123283576856775,54.1820120377771,-17.39316499047496,18.91851021525037,36.31167520572534
852,2022/11/01 15:52:44,0.0,0.0,0.0,0.0,0.0,0.0
853,2022/11/01 15:52:45,-24.67538134970295,12.942696940504351,37.6180782902073,-18.533405229029615,18.96752545567628,37.50093068470589
854,2022/11/01 15:52:46,0.0,0.0,0.0,0.0,0.0,0.0
855,2022/11/01 15:52:47,0.0,0.0,0.0,0.0,0.0,0.0
856,2022/11/01 15:52:48,0.0,0.0,0.0,0.0,0.0,0.0
857,2022/11/01 15:52:49,0.0,0.0,0.0,0.0,0.0,0.0
858,2022/11/01 15:52:50,0.0,0.0,0.0,0.0,0.0,0.0
859,2022/11/01 15:52:51,0.0,0.0,0.0,0.0,0.0,0.0
860,2022/11/01 15:52:52,-26.362943414283144,25.275850142081723,51.63879355636487,-18.533405229029615,19.016511889909793,37.549917118939405
861,2022/11/01 15:52:53,0.0,0.0,0.0,0.0,0.0,0.0
862,2022/11/01 15:52:54,0.0,0.0,0.0,0.0,0.0,0.0
863,2022/11/01 15:52:55,0.0,0.0,0.0,0.0,0.0,0.0
864,2022/11/01 15:52:56,0.0,0.0,0.0,0.0,0.0,0.0
865,2022/11/01 15:52:57,0.0,0.0,0.0,0.0,0.0,0.0
866,2022/11/01 15:52:58,0.0,0.0,0.0,0.0,0.0,0.0
867,2022/11/01 15:52:59,0.0,0.0,0.0,0.0,0.0,0.0
868,2022/11/01 15:53:00,0.0,0.0,0.0,0.0,0.0,0.0
869,2022/11/01 15:53:01,0.0,0.0,0.0,0.0,0.0,0.0
870,2022/11/01 15:53:02,0.0,0.0,0.0,0.0,0.0,0.0
871,2022/11/01 15:53:03,0.0,0.0,0.0,0.0,0.0,0.0
872,2022/11/01 15:53:04,0.0,0.0,0.0,0.0,0.0,0.0
873,2022/11/01 15:53:05,0.0,0.0,0.0,0.0,0.0,0.0
874,2022/11/01 15:53:06,0.0,0.0,0.0,0.0,0.0,0.0
875,2022/11/01 15:53:08,0.0,0.0,0.0,0.0,0.0,0.0
876,2022/11/01 15:53:09,0.0,0.0,0.0,0.0,0.0,0.0
877,2022/11/01 15:53:10,0.0,0.0,0.0,0.0,0.0,0.0
878,2022/11/01 15:53:11,0.0,0.0,0.0,0.0,0.0,0.0
879,2022/11/01 15:53:12,0.0,0.0,0.0,0.0,0.0,0.0
880,2022/11/01 15:53:13,0.0,0.0,0.0,0.0,0.0,0.0
881,2022/11/01 15:53:14,0.0,0.0,0.0,0.0,0.0,0.0
882,2022/11/01 15:53:15,0.0,0.0,0.0,0.0,0.0,0.0
883,2022/11/01 15:53:16,0.0,0.0,0.0,0.0,0.0,0.0
884,2022/11/01 15:53:17,0.0,0.0,0.0,0.0,0.0,0.0
885,2022/11/01 15:53:18,0.0,0.0,0.0,0.0,0.0,0.0
886,2022/11/01 15:53:19,0.0,0.0,0.0,0.0,0.0,0.0
887,2022/11/01 15:53:20,-27.05872846092032,27.565234330928373,54.6239627918487,-18.582644588282353,18.96752545567628,37.55017004395863
888,2022/11/01 15:53:21,-27.05872846092032,27.565234330928373,54.6239627918487,-18.582644588282353,18.96752545567628,37.55017004395863
889,2022/11/01 15:53:22,-27.05872846092032,27.565234330928373,54.6239627918487,-18.582644588282353,18.96752545567628,37.55017004395863
890,2022/11/01 15:53:23,-27.01549975216541,27.565234330928373,54.58073408309379,-18.582644588282353,18.96752545567628,37.55017004395863
891,2022/11/01 15:53:24,-27.188207973165262,27.697153416626517,54.88536138979178,-18.582644588282353,18.96752545567628,37.55017004395863
892,2022/11/01 15:53:25,-27.188207973165262,27.697153416626517,54.88536138979178,-18.582644588282353,18.96752545567628,37.55017004395863
893,2022/11/01 15:53:26,-27.188207973165262,27.697153416626517,54.88536138979178,-18.582644588282353,18.96752545567628,37.55017004395863
894,2022/11/01 15:53:27,-27.188207973165262,27.697153416626517,54.88536138979178,-18.582644588282353,18.96752545567628,37.55017004395863
895,2022/11/01 15:53:28,-27.188207973165262,27.697153416626517,54.88536138979178,-18.582644588282353,18.96752545567628,37.55017004395863
896,2022/11/01 15:53:29,-27.231298913249464,27.741058007980754,54.972356921230215,-18.63185551085676,19.016511889909793,37.64836740076655
897,2022/11/01 15:53:30,-27.231298913249464,27.741058007980754,54.972356921230215,-18.63185551085676,19.016511889909793,37.64836740076655
898,2022/11/01 15:53:31,-27.231298913249464,27.741058007980754,54.972356921230215,-18.63185551085676,19.016511889909793,37.64836740076655
899,2022/11/01 15:53:32,-27.231298913249464,27.741058007980754,54.972356921230215,-18.63185551085676,19.016511889909793,37.64836740076655
900,2022/11/01 15:53:33,-27.231298913249464,27.741058007980754,54.972356921230215,-18.63185551085676,19.016511889909793,37.64836740076655
901,2022/11/01 15:53:34,-27.231298913249464,27.741058007980754,54.972356921230215,-18.63185551085676,19.016511889909793,37.64836740076655
902,2022/11/01 15:53:35,-27.231298913249464,27.741058007980754,54.972356921230215,-18.63185551085676,19.016511889909793,37.64836740076655
903,2022/11/01 15:53:36,-27.231298913249464,27.741058007980754,54.972356921230215,-18.63185551085676,19.016511889909793,37.64836740076655
904,2022/11/01 15:53:37,-27.188207973165262,27.741058007980754,54.92926598114602,-18.63185551085676,19.016511889909793,37.64836740076655
905,2022/11/01 15:53:39,-27.188207973165262,27.741058007980754,54.92926598114602,-18.63185551085676,19.016511889909793,37.64836740076655
906,2022/11/01 15:53:40,-27.231298913249464,27.741058007980754,54.972356921230215,-18.63185551085676,19.016511889909793,37.64836740076655
907,2022/11/01 15:53:41,-27.188207973165262,27.741058007980754,54.92926598114602,-18.63185551085676,19.016511889909793,37.64836740076655
908,2022/11/01 15:53:42,-27.231298913249464,27.741058007980754,54.972356921230215,-18.63185551085676,19.016511889909793,37.64836740076655
909,2022/11/01 15:53:43,-27.188207973165262,27.741058007980754,54.92926598114602,-18.63185551085676,19.016511889909793,37.64836740076655
910,2022/11/01 15:53:44,-27.231298913249464,27.741058007980754,54.972356921230215,-18.63185551085676,19.016511889909793,37.64836740076655
911,2022/11/01 15:53:45,-27.188207973165262,27.741058007980754,54.92926598114602,-18.63185551085676,19.016511889909793,37.64836740076655
912,2022/11/01 15:53:46,-27.188207973165262,27.741058007980754,54.92926598114602,-18.63185551085676,19.016511889909793,37.64836740076655
913,2022/11/01 15:53:47,-27.188207973165262,27.741058007980754,54.92926598114602,-18.63185551085676,19.016511889909793,37.64836740076655
914,2022/11/01 15:53:48,-27.188207973165262,27.741058007980754,54.92926598114602,-18.63185551085676,19.016511889909793,37.64836740076655
915,2022/11/01 15:53:49,-27.188207973165262,27.741058007980754,54.92926598114602,-18.63185551085676,19.016511889909793,37.64836740076655
916,2022/11/01 15:53:50,-27.188207973165262,27.741058007980754,54.92926598114602,-18.63185551085676,19.016511889909793,37.64836740076655
917,2022/11/01 15:53:51,-27.188207973165262,27.741058007980754,54.92926598114602,-18.63185551085676,19.016511889909793,37.64836740076655
918,2022/11/01 15:53:52,-27.188207973165262,27.741058007980754,54.92926598114602,-18.63185551085676,19.016511889909793,37.64836740076655
919,2022/11/01 15:53:53,-27.188207973165262,27.741058007980754,54.92926598114602,-18.63185551085676,19.016511889909793,37.64836740076655
920,2022/11/01 15:53:54,-27.188207973165262,27.741058007980754,54.92926598114602,-18.63185551085676,19.016511889909793,37.64836740076655
921,2022/11/01 15:53:55,-27.188207973165262,27.741058007980754,54.92926598114602,-18.63185551085676,19.016511889909793,37.64836740076655
922,2022/11/01 15:53:56,-27.188207973165262,27.741058007980754,54.92926598114602,-18.63185551085676,19.016511889909793,37.64836740076655
923,2022/11/01 15:53:57,-27.188207973165262,27.741058007980754,54.92926598114602,-18.63185551085676,19.016511889909793,37.64836740076655
924,2022/11/01 15:53:58,-27.188207973165262,27.741058007980754,54.92926598114602,-18.63185551085676,19.016511889909793,37.64836740076655
925,2022/11/01 15:53:59,-27.188207973165262,27.741058007980754,54.92926598114602,-18.63185551085676,19.016511889909793,37.64836740076655
926,2022/11/01 15:54:00,-27.188207973165262,27.741058007980754,54.92926598114602,-18.63185551085676,19.016511889909793,37.64836740076655
927,2022/11/01 15:54:01,-27.188207973165262,27.741058007980754,54.92926598114602,-18.63185551085676,19.016511889909793,37.64836740076655
928,2022/11/01 15:54:02,-27.188207973165262,27.741058007980754,54.92926598114602,-18.63185551085676,19.016511889909793,37.64836740076655
929,2022/11/01 15:54:03,-27.188207973165262,27.741058007980754,54.92926598114602,-18.63185551085676,19.016511889909793,37.64836740076655
930,2022/11/01 15:54:04,-27.188207973165262,27.741058007980754,54.92926598114602,-18.63185551085676,19.016511889909793,37.64836740076655
931,2022/11/01 15:54:05,-27.188207973165262,27.741058007980754,54.92926598114602,-18.63185551085676,19.016511889909793,37.64836740076655
932,2022/11/01 15:54:06,-27.188207973165262,27.741058007980754,54.92926598114602,-18.63185551085676,19.016511889909793,37.64836740076655
933,2022/11/01 15:54:07,-27.188207973165262,27.741058007980754,54.92926598114602,-18.63185551085676,19.016511889909793,37.64836740076655
934,2022/11/01 15:54:08,-27.188207973165262,27.741058007980754,54.92926598114602,-18.63185551085676,19.016511889909793,37.64836740076655
935,2022/11/01 15:54:10,-27.188207973165262,27.741058007980754,54.92926598114602,-18.63185551085676,19.016511889909793,37.64836740076655
936,2022/11/01 15:54:11,-27.188207973165262,27.741058007980754,54.92926598114602,-18.63185551085676,19.016511889909793,37.64836740076655
937,2022/11/01 15:54:12,-27.188207973165262,27.741058007980754,54.92926598114602,-18.63185551085676,19.016511889909793,37.64836740076655
938,2022/11/01 15:54:13,-27.188207973165262,27.741058007980754,54.92926598114602,-18.63185551085676,19.016511889909793,37.64836740076655
939,2022/11/01 15:54:14,-27.188207973165262,27.741058007980754,54.92926598114602,-18.63185551085676,19.016511889909793,37.64836740076655
940,2022/11/01 15:54:15,-27.188207973165262,27.741058007980754,54.92926598114602,-18.63185551085676,19.016511889909793,37.64836740076655
941,2022/11/01 15:54:16,-27.188207973165262,27.741058007980754,54.92926598114602,-18.63185551085676,19.016511889909793,37.64836740076655
942,2022/11/01 15:54:17,-27.188207973165262,27.741058007980754,54.92926598114602,-18.63185551085676,19.016511889909793,37.64836740076655
943,2022/11/01 15:54:18,-27.188207973165262,27.741058007980754,54.92926598114602,-18.63185551085676,19.016511889909793,37.64836740076655
944,2022/11/01 15:54:19,-27.188207973165262,27.741058007980754,54.92926598114602,-18.63185551085676,19.016511889909793,37.64836740076655
945,2022/11/01 15:54:20,-27.188207973165262,27.741058007980754,54.92926598114602,-18.63185551085676,19.016511889909793,37.64836740076655
946,2022/11/01 15:54:21,-27.188207973165262,27.741058007980754,54.92926598114602,-18.63185551085676,19.016511889909793,37.64836740076655
947,2022/11/01 15:54:22,-27.188207973165262,27.741058007980754,54.92926598114602,-18.63185551085676,19.016511889909793,37.64836740076655
948,2022/11/01 15:54:23,-27.188207973165262,27.741058007980754,54.92926598114602,-18.63185551085676,19.016511889909793,37.64836740076655
949,2022/11/01 15:54:24,-27.188207973165262,27.741058007980754,54.92926598114602,-18.63185551085676,19.016511889909793,37.64836740076655
950,2022/11/01 15:54:25,-27.188207973165262,27.741058007980754,54.92926598114602,-18.63185551085676,19.016511889909793,37.64836740076655
951,2022/11/01 15:54:26,-27.188207973165262,27.741058007980754,54.92926598114602,-18.63185551085676,19.016511889909793,37.64836740076655
952,2022/11/01 15:54:27,-27.188207973165262,27.741058007980754,54.92926598114602,-18.63185551085676,19.016511889909793,37.64836740076655
953,2022/11/01 15:54:28,-27.188207973165262,27.741058007980754,54.92926598114602,-18.63185551085676,19.016511889909793,37.64836740076655
954,2022/11/01 15:54:29,-27.188207973165262,27.741058007980754,54.92926598114602,-18.63185551085676,19.016511889909793,37.64836740076655
955,2022/11/01 15:54:30,-27.188207973165262,27.741058007980754,54.92926598114602,-18.63185551085676,19.016511889909793,37.64836740076655
956,2022/11/01 15:54:31,-27.188207973165262,27.741058007980754,54.92926598114602,-18.63185551085676,19.016511889909793,37.64836740076655
957,2022/11/01 15:54:32,-27.188207973165262,27.741058007980754,54.92926598114602,-18.63185551085676,19.016511889909793,37.64836740076655
958,2022/11/01 15:54:33,-27.188207973165262,27.741058007980754,54.92926598114602,-18.63185551085676,19.016511889909793,37.64836740076655
959,2022/11/01 15:54:34,-27.188207973165262,27.741058007980754,54.92926598114602,-18.63185551085676,19.016511889909793,37.64836740076655
960,2022/11/01 15:54:35,-27.188207973165262,27.741058007980754,54.92926598114602,-18.63185551085676,19.016511889909793,37.64836740076655
961,2022/11/01 15:54:36,-27.188207973165262,27.741058007980754,54.92926598114602,-18.63185551085676,19.016511889909793,37.64836740076655
962,2022/11/01 15:54:37,-27.188207973165262,27.741058007980754,54.92926598114602,-18.63185551085676,19.016511889909793,37.64836740076655
963,2022/11/01 15:54:38,-27.188207973165262,27.741058007980754,54.92926598114602,-18.63185551085676,19.016511889909793,37.64836740076655
964,2022/11/01 15:54:39,-27.188207973165262,27.741058007980754,54.92926598114602,-18.63185551085676,19.016511889909793,37.64836740076655
965,2022/11/01 15:54:41,-27.188207973165262,27.741058007980754,54.92926598114602,-18.63185551085676,19.016511889909793,37.64836740076655
966,2022/11/01 15:54:42,-27.188207973165262,27.741058007980754,54.92926598114602,-18.63185551085676,19.016511889909793,37.64836740076655
967,2022/11/01 15:54:43,-27.188207973165262,27.741058007980754,54.92926598114602,-18.63185551085676,19.016511889909793,37.64836740076655
968,2022/11/01 15:54:44,-27.188207973165262,27.741058007980754,54.92926598114602,-18.63185551085676,19.016511889909793,37.64836740076655
969,2022/11/01 15:54:45,-27.188207973165262,27.741058007980754,54.92926598114602,-18.63185551085676,19.016511889909793,37.64836740076655
970,2022/11/01 15:54:46,-27.188207973165262,27.741058007980754,54.92926598114602,-18.63185551085676,19.016511889909793,37.64836740076655
971,2022/11/01 15:54:47,-27.188207973165262,27.741058007980754,54.92926598114602,-18.63185551085676,19.016511889909793,37.64836740076655
972,2022/11/01 15:54:48,-27.188207973165262,27.741058007980754,54.92926598114602,-18.63185551085676,19.016511889909793,37.64836740076655
973,2022/11/01 15:54:49,-27.188207973165262,27.741058007980754,54.92926598114602,-18.63185551085676,19.016511889909793,37.64836740076655
974,2022/11/01 15:54:50,-27.188207973165262,27.741058007980754,54.92926598114602,-18.63185551085676,19.016511889909793,37.64836740076655
975,2022/11/01 15:54:51,-27.188207973165262,27.741058007980754,54.92926598114602,-18.63185551085676,19.016511889909793,37.64836740076655
976,2022/11/01 15:54:52,-27.188207973165262,27.741058007980754,54.92926598114602,-18.63185551085676,19.016511889909793,37.64836740076655
977,2022/11/01 15:54:53,-27.188207973165262,27.741058007980754,54.92926598114602,-18.63185551085676,19.016511889909793,37.64836740076655
978,2022/11/01 15:54:54,-27.188207973165262,27.741058007980754,54.92926598114602,-18.63185551085676,19.016511889909793,37.64836740076655
979,2022/11/01 15:54:55,-27.188207973165262,27.697153416626517,54.88536138979178,-18.582644588282353,19.016511889909793,37.59915647819214
980,2022/11/01 15:54:56,-27.188207973165262,27.697153416626517,54.88536138979178,-18.63185551085676,19.016511889909793,37.64836740076655
981,2022/11/01 15:54:57,-27.188207973165262,27.741058007980754,54.92926598114602,-18.63185551085676,19.016511889909793,37.64836740076655
982,2022/11/01 15:54:58,-27.188207973165262,27.741058007980754,54.92926598114602,-18.63185551085676,19.016511889909793,37.64836740076655
983,2022/11/01 15:54:59,-27.188207973165262,27.741058007980754,54.92926598114602,-18.63185551085676,19.016511889909793,37.64836740076655
984,2022/11/01 15:55:00,-27.188207973165262,27.741058007980754,54.92926598114602,-18.63185551085676,19.016511889909793,37.64836740076655
985,2022/11/01 15:55:01,-27.188207973165262,27.741058007980754,54.92926598114602,-18.63185551085676,19.016511889909793,37.64836740076655
986,2022/11/01 15:55:02,-27.188207973165262,27.741058007980754,54.92926598114602,-18.63185551085676,19.016511889909793,37.64836740076655
987,2022/11/01 15:55:03,-27.188207973165262,27.741058007980754,54.92926598114602,-18.63185551085676,19.016511889909793,37.64836740076655
988,2022/11/01 15:55:04,-27.188207973165262,27.741058007980754,54.92926598114602,-18.63185551085676,19.016511889909793,37.64836740076655
989,2022/11/01 15:55:05,-27.188207973165262,27.741058007980754,54.92926598114602,-18.63185551085676,19.016511889909793,37.64836740076655
990,2022/11/01 15:55:06,-27.188207973165262,27.741058007980754,54.92926598114602,-18.63185551085676,19.016511889909793,37.64836740076655
991,2022/11/01 15:55:07,-27.188207973165262,27.741058007980754,54.92926598114602,-18.63185551085676,19.016511889909793,37.64836740076655
992,2022/11/01 15:55:08,-27.188207973165262,27.741058007980754,54.92926598114602,-18.63185551085676,19.016511889909793,37.64836740076655
993,2022/11/01 15:55:09,-27.188207973165262,27.741058007980754,54.92926598114602,-18.63185551085676,19.016511889909793,37.64836740076655
994,2022/11/01 15:55:10,-27.188207973165262,27.741058007980754,54.92926598114602,-18.63185551085676,19.016511889909793,37.64836740076655
995,2022/11/01 15:55:11,-27.188207973165262,27.741058007980754,54.92926598114602,-18.63185551085676,19.016511889909793,37.64836740076655
996,2022/11/01 15:55:13,-27.188207973165262,27.741058007980754,54.92926598114602,-18.582644588282353,19.016511889909793,37.59915647819214
997,2022/11/01 15:55:14,-27.188207973165262,27.741058007980754,54.92926598114602,-18.63185551085676,19.016511889909793,37.64836740076655
998,2022/11/01 15:55:15,-27.188207973165262,27.741058007980754,54.92926598114602,-18.63185551085676,19.016511889909793,37.64836740076655
999,2022/11/01 15:55:16,-27.188207973165262,27.741058007980754,54.92926598114602,-18.63185551085676,19.016511889909793,37.64836740076655
1000,2022/11/01 15:55:17,-27.188207973165262,27.741058007980754,54.92926598114602,-18.63185551085676,19.016511889909793,37.64836740076655
1001,2022/11/01 15:55:18,-27.188207973165262,27.697153416626517,54.88536138979178,-18.63185551085676,19.016511889909793,37.64836740076655
1002,2022/11/01 15:55:19,-27.188207973165262,27.741058007980754,54.92926598114602,-18.63185551085676,19.016511889909793,37.64836740076655
1003,2022/11/01 15:55:20,-27.188207973165262,27.741058007980754,54.92926598114602,-18.63185551085676,19.016511889909793,37.64836740076655
1004,2022/11/01 15:55:21,-27.188207973165262,27.741058007980754,54.92926598114602,-18.63185551085676,19.016511889909793,37.64836740076655
1005,2022/11/01 15:55:22,-27.188207973165262,27.741058007980754,54.92926598114602,-18.63185551085676,19.016511889909793,37.64836740076655
1006,2022/11/01 15:55:23,-27.188207973165262,27.741058007980754,54.92926598114602,-18.63185551085676,19.016511889909793,37.64836740076655
1007,2022/11/01 15:55:24,-27.188207973165262,27.741058007980754,54.92926598114602,-18.63185551085676,19.016511889909793,37.64836740076655
1008,2022/11/01 15:55:25,-27.188207973165262,27.741058007980754,54.92926598114602,-18.63185551085676,19.016511889909793,37.64836740076655
1009,2022/11/01 15:55:26,-27.188207973165262,27.741058007980754,54.92926598114602,-18.63185551085676,19.016511889909793,37.64836740076655
1010,2022/11/01 15:55:27,-27.188207973165262,27.741058007980754,54.92926598114602,-18.63185551085676,19.016511889909793,37.64836740076655
1011,2022/11/01 15:55:28,-27.188207973165262,27.741058007980754,54.92926598114602,-18.63185551085676,19.016511889909793,37.64836740076655
1012,2022/11/01 15:55:29,-27.188207973165262,27.741058007980754,54.92926598114602,-18.63185551085676,19.016511889909793,37.64836740076655
1013,2022/11/01 15:55:30,-27.188207973165262,27.741058007980754,54.92926598114602,-18.63185551085676,19.016511889909793,37.64836740076655
1014,2022/11/01 15:55:31,-27.188207973165262,27.741058007980754,54.92926598114602,-18.63185551085676,19.016511889909793,37.64836740076655
1015,2022/11/01 15:55:32,-27.188207973165262,27.741058007980754,54.92926598114602,-18.63185551085676,19.016511889909793,37.64836740076655
1016,2022/11/01 15:55:33,-27.188207973165262,27.741058007980754,54.92926598114602,-18.63185551085676,19.016511889909793,37.64836740076655
1017,2022/11/01 15:55:34,-27.188207973165262,27.741058007980754,54.92926598114602,-18.63185551085676,19.016511889909793,37.64836740076655
1018,2022/11/01 15:55:35,-27.188207973165262,27.697153416626517,54.88536138979178,-18.63185551085676,19.016511889909793,37.64836740076655
1019,2022/11/01 15:55:36,-27.188207973165262,27.741058007980754,54.92926598114602,-18.63185551085676,19.016511889909793,37.64836740076655
1020,2022/11/01 15:55:37,-27.188207973165262,27.741058007980754,54.92926598114602,-18.63185551085676,19.016511889909793,37.64836740076655
1021,2022/11/01 15:55:38,-27.188207973165262,27.741058007980754,54.92926598114602,-18.63185551085676,19.016511889909793,37.64836740076655
1022,2022/11/01 15:55:39,-27.188207973165262,27.741058007980754,54.92926598114602,-18.63185551085676,19.016511889909793,37.64836740076655
1023,2022/11/01 15:55:40,-27.188207973165262,27.741058007980754,54.92926598114602,-18.63185551085676,19.016511889909793,37.64836740076655
1024,2022/11/01 15:55:41,-27.188207973165262,27.741058007980754,54.92926598114602,-18.63185551085676,19.016511889909793,37.64836740076655
1025,2022/11/01 15:55:42,-27.188207973165262,27.741058007980754,54.92926598114602,-18.63185551085676,19.016511889909793,37.64836740076655
1026,2022/11/01 15:55:43,-27.188207973165262,27.741058007980754,54.92926598114602,-18.63185551085676,19.016511889909793,37.64836740076655
1027,2022/11/01 15:55:45,-27.188207973165262,27.741058007980754,54.92926598114602,-18.63185551085676,19.016511889909793,37.64836740076655
1028,2022/11/01 15:55:46,-27.188207973165262,27.741058007980754,54.92926598114602,-18.63185551085676,19.016511889909793,37.64836740076655
1029,2022/11/01 15:55:47,-27.188207973165262,27.741058007980754,54.92926598114602,-18.63185551085676,19.016511889909793,37.64836740076655
1030,2022/11/01 15:55:48,-27.188207973165262,27.741058007980754,54.92926598114602,-18.63185551085676,19.016511889909793,37.64836740076655
1031,2022/11/01 15:55:49,-27.188207973165262,27.741058007980754,54.92926598114602,-18.63185551085676,19.016511889909793,37.64836740076655
1032,2022/11/01 15:55:50,-27.188207973165262,27.741058007980754,54.92926598114602,-18.63185551085676,19.016511889909793,37.64836740076655
1033,2022/11/01 15:55:51,-27.188207973165262,27.741058007980754,54.92926598114602,-18.63185551085676,19.016511889909793,37.64836740076655
1034,2022/11/01 15:55:52,-27.188207973165262,27.741058007980754,54.92926598114602,-18.63185551085676,19.016511889909793,37.64836740076655
1035,2022/11/01 15:55:53,-27.188207973165262,27.741058007980754,54.92926598114602,-18.63185551085676,19.016511889909793,37.64836740076655
1036,2022/11/01 15:55:54,-27.188207973165262,27.741058007980754,54.92926598114602,-18.63185551085676,19.016511889909793,37.64836740076655
1037,2022/11/01 15:55:55,-27.188207973165262,27.741058007980754,54.92926598114602,-18.63185551085676,19.016511889909793,37.64836740076655
1038,2022/11/01 15:55:56,-27.188207973165262,27.741058007980754,54.92926598114602,-18.63185551085676,19.016511889909793,37.64836740076655
1039,2022/11/01 15:55:57,-27.188207973165262,27.741058007980754,54.92926598114602,-18.63185551085676,19.016511889909793,37.64836740076655
1040,2022/11/01 15:55:58,-27.188207973165262,27.741058007980754,54.92926598114602,-18.63185551085676,19.016511889909793,37.64836740076655
1041,2022/11/01 15:55:59,-27.188207973165262,27.741058007980754,54.92926598114602,-18.63185551085676,19.016511889909793,37.64836740076655
1042,2022/11/01 15:56:00,-27.188207973165262,27.741058007980754,54.92926598114602,-18.63185551085676,19.016511889909793,37.64836740076655
1043,2022/11/01 15:56:01,-27.188207973165262,27.741058007980754,54.92926598114602,-18.63185551085676,19.016511889909793,37.64836740076655
1044,2022/11/01 15:56:02,-27.188207973165262,27.741058007980754,54.92926598114602,-18.63185551085676,19.016511889909793,37.64836740076655
1045,2022/11/01 15:56:03,-27.188207973165262,27.741058007980754,54.92926598114602,-18.63185551085676,19.016511889909793,37.64836740076655
1046,2022/11/01 15:56:04,-27.188207973165262,27.741058007980754,54.92926598114602,-18.63185551085676,19.016511889909793,37.64836740076655
1047,2022/11/01 15:56:05,-27.188207973165262,27.741058007980754,54.92926598114602,-18.63185551085676,19.016511889909793,37.64836740076655
1048,2022/11/01 15:56:06,-27.188207973165262,27.741058007980754,54.92926598114602,-18.63185551085676,19.016511889909793,37.64836740076655
1049,2022/11/01 15:56:07,-27.188207973165262,27.741058007980754,54.92926598114602,-18.63185551085676,19.016511889909793,37.64836740076655
1050,2022/11/01 15:56:08,-27.188207973165262,27.741058007980754,54.92926598114602,-18.63185551085676,19.016511889909793,37.64836740076655
1051,2022/11/01 15:56:09,-27.188207973165262,27.741058007980754,54.92926598114602,-18.63185551085676,19.016511889909793,37.64836740076655
1052,2022/11/01 15:56:10,-27.188207973165262,27.741058007980754,54.92926598114602,-18.63185551085676,19.016511889909793,37.64836740076655
1053,2022/11/01 15:56:11,-27.188207973165262,27.741058007980754,54.92926598114602,-18.63185551085676,19.016511889909793,37.64836740076655
1054,2022/11/01 15:56:12,-27.188207973165262,27.741058007980754,54.92926598114602,-18.63185551085676,19.016511889909793,37.64836740076655
1055,2022/11/01 15:56:13,-27.188207973165262,27.741058007980754,54.92926598114602,-18.63185551085676,19.016511889909793,37.64836740076655
1056,2022/11/01 15:56:14,-19.17946358880106,16.480840823193148,35.660304411994204,-11.49058881804069,11.902301197858426,23.392890015899116
1057,2022/11/01 15:56:15,0.0,0.0,0.0,0.0,0.0,0.0
1058,2022/11/01 15:56:16,-18.83695377763808,16.173139397145817,35.0100931747839,-13.63041802193811,15.01073416977562,28.64115219171373
1059,2022/11/01 15:56:18,-17.850330719346257,15.967496608080113,33.81782732742637,-15.63062353111378,15.876083280845394,31.506706811959177
1060,2022/11/01 15:56:19,0.0,0.0,0.0,0.0,0.0,0.0
1061,2022/11/01 15:56:20,-25.213599965202103,17.70224066626062,42.91584063146273,-16.036304887343952,18.278712138063174,34.31501702540713
1062,2022/11/01 15:56:21,0.0,0.0,0.0,0.0,0.0,0.0
1063,2022/11/01 15:56:22,-26.362943414283144,19.801562048866558,46.1645054631497,-17.34325810682922,18.86946621502159,36.212724321850814
1064,2022/11/01 15:56:23,-26.362943414283144,18.256863187364694,44.61980660164784,-18.533405229029615,18.96752545567628,37.50093068470589
1065,2022/11/01 15:56:24,0.0,0.0,0.0,0.0,0.0,0.0
1066,2022/11/01 15:56:25,0.0,0.0,0.0,0.0,0.0,0.0
1067,2022/11/01 15:56:26,0.0,0.0,0.0,0.0,0.0,0.0
1068,2022/11/01 15:56:27,-26.97223662115897,27.034484277028948,54.00672089818792,-18.582644588282353,19.016511889909793,37.59915647819214
1069,2022/11/01 15:56:28,-26.362943414283144,25.867751512393088,52.230694926676236,-14.55811467188618,15.061835714002717,29.6199503858889
1070,2022/11/01 15:56:29,0.0,0.0,0.0,0.0,0.0,0.0
1071,2022/11/01 15:56:30,0.0,0.0,0.0,0.0,0.0,0.0
1072,2022/11/01 15:56:31,0.0,0.0,0.0,0.0,0.0,0.0
1073,2022/11/01 15:56:32,0.0,0.0,0.0,0.0,0.0,0.0
1074,2022/11/01 15:56:33,0.0,0.0,0.0,0.0,0.0,0.0
1075,2022/11/01 15:56:34,0.0,0.0,0.0,0.0,0.0,0.0
1076,2022/11/01 15:56:35,-24.63031010005513,14.30823900416059,38.938549104215724,-18.533405229029615,18.96752545567628,37.50093068470589
1077,2022/11/01 15:56:36,0.0,0.0,0.0,0.0,0.0,0.0
1078,2022/11/01 15:56:37,0.0,0.0,0.0,0.0,0.0,0.0
1079,2022/11/01 15:56:38,0.0,0.0,0.0,0.0,0.0,0.0
1080,2022/11/01 15:56:39,0.0,0.0,0.0,0.0,0.0,0.0
1081,2022/11/01 15:56:40,0.0,0.0,0.0,0.0,0.0,0.0
1082,2022/11/01 15:56:41,0.0,0.0,0.0,0.0,0.0,0.0
1083,2022/11/01 15:56:42,-26.362943414283144,19.355944890287578,45.718888304570726,-18.533405229029615,18.96752545567628,37.50093068470589
1084,2022/11/01 15:56:43,-26.362943414283144,35.00661263859327,61.36955605287641,-14.301180707314469,41.475878125413075,55.77705883272755
1085,2022/11/01 15:56:44,-26.624893404675376,35.38251446375359,62.00740786842896,-14.916817352590991,41.475878125413075,56.392695478004065
1086,2022/11/01 15:56:45,0.0,0.0,0.0,0.0,0.0,0.0
1087,2022/11/01 15:56:46,0.0,0.0,0.0,0.0,0.0,0.0
1088,2022/11/01 15:56:48,0.0,0.0,0.0,0.0,0.0,0.0
1089,2022/11/01 15:56:49,0.0,0.0,0.0,0.0,0.0,0.0
1090,2022/11/01 15:56:50,0.0,0.0,0.0,0.0,0.0,0.0
1091,2022/11/01 15:56:51,0.0,0.0,0.0,0.0,0.0,0.0
1092,2022/11/01 15:56:52,0.0,0.0,0.0,0.0,0.0,0.0
1093,2022/11/01 15:56:53,0.0,0.0,0.0,0.0,0.0,0.0
1094,2022/11/01 15:56:54,0.0,0.0,0.0,0.0,0.0,0.0
1095,2022/11/01 15:56:55,0.0,0.0,0.0,0.0,0.0,0.0
1096,2022/11/01 15:56:56,0.0,0.0,0.0,0.0,0.0,0.0
1097,2022/11/01 15:56:57,0.0,0.0,0.0,0.0,0.0,0.0
1098,2022/11/01 15:56:58,0.0,0.0,0.0,0.0,0.0,0.0
1099,2022/11/01 15:56:59,0.0,0.0,0.0,0.0,0.0,0.0
1100,2022/11/01 15:57:00,0.0,0.0,0.0,0.0,0.0,0.0
1101,2022/11/01 15:57:01,0.0,0.0,0.0,0.0,0.0,0.0
1102,2022/11/01 15:57:02,0.0,0.0,0.0,0.0,0.0,0.0
1103,2022/11/01 15:57:03,0.0,0.0,0.0,0.0,0.0,0.0
1104,2022/11/01 15:57:04,0.0,0.0,0.0,0.0,0.0,0.0
1105,2022/11/01 15:57:05,0.0,0.0,0.0,0.0,0.0,0.0
1106,2022/11/01 15:57:06,0.0,0.0,0.0,0.0,0.0,0.0
1107,2022/11/01 15:57:07,-27.05872846092032,27.565234330928373,54.6239627918487,-18.582644588282353,18.96752545567628,37.55017004395863
1108,2022/11/01 15:57:08,-27.05872846092032,27.52119290490367,54.57992136582399,-18.582644588282353,18.96752545567628,37.55017004395863
1109,2022/11/01 15:57:09,-27.188207973165262,27.697153416626517,54.88536138979178,-18.582644588282353,19.016511889909793,37.59915647819214
1110,2022/11/01 15:57:10,-27.101922739287886,27.609241566264313,54.7111643055522,-18.582644588282353,18.96752545567628,37.55017004395863
1111,2022/11/01 15:57:11,-27.101922739287886,27.609241566264313,54.7111643055522,-18.582644588282353,18.96752545567628,37.55017004395863
1112,2022/11/01 15:57:12,-27.101922739287886,27.653214598805633,54.75513733809352,-18.582644588282353,18.96752545567628,37.55017004395863
1113,2022/11/01 15:57:13,-27.101922739287886,27.609241566264313,54.7111643055522,-18.582644588282353,18.96752545567628,37.55017004395863
1114,2022/11/01 15:57:14,-27.188207973165262,27.697153416626517,54.88536138979178,-18.582644588282353,18.96752545567628,37.55017004395863
1115,2022/11/01 15:57:15,-27.188207973165262,27.741058007980754,54.92926598114602,-18.63185551085676,19.016511889909793,37.64836740076655
1116,2022/11/01 15:57:16,-27.188207973165262,27.697153416626517,54.88536138979178,-18.582644588282353,19.016511889909793,37.59915647819214
1117,2022/11/01 15:57:18,-27.188207973165262,27.697153416626517,54.88536138979178,-18.582644588282353,19.016511889909793,37.59915647819214
1118,2022/11/01 15:57:19,-27.188207973165262,27.697153416626517,54.88536138979178,-18.582644588282353,19.016511889909793,37.59915647819214
1119,2022/11/01 15:57:20,-27.188207973165262,27.697153416626517,54.88536138979178,-18.63185551085676,19.016511889909793,37.64836740076655
1120,2022/11/01 15:57:21,-27.188207973165262,27.697153416626517,54.88536138979178,-18.582644588282353,18.96752545567628,37.55017004395863
1121,2022/11/01 15:57:22,-27.188207973165262,27.697153416626517,54.88536138979178,-18.63185551085676,19.016511889909793,37.64836740076655
1122,2022/11/01 15:57:23,-27.188207973165262,27.697153416626517,54.88536138979178,-18.582644588282353,18.96752545567628,37.55017004395863
1123,2022/11/01 15:57:24,-27.188207973165262,27.697153416626517,54.88536138979178,-18.582644588282353,18.96752545567628,37.55017004395863
1124,2022/11/01 15:57:25,-27.188207973165262,27.697153416626517,54.88536138979178,-18.582644588282353,18.96752545567628,37.55017004395863
1125,2022/11/01 15:57:26,-27.188207973165262,27.697153416626517,54.88536138979178,-18.582644588282353,18.96752545567628,37.55017004395863
1126,2022/11/01 15:57:27,-27.188207973165262,27.697153416626517,54.88536138979178,-18.582644588282353,18.96752545567628,37.55017004395863
1127,2022/11/01 15:57:28,-27.188207973165262,27.697153416626517,54.88536138979178,-18.582644588282353,18.96752545567628,37.55017004395863
1128,2022/11/01 15:57:29,-27.188207973165262,27.697153416626517,54.88536138979178,-18.582644588282353,18.96752545567628,37.55017004395863
1129,2022/11/01 15:57:30,-27.188207973165262,27.697153416626517,54.88536138979178,-18.582644588282353,18.96752545567628,37.55017004395863
1130,2022/11/01 15:57:31,-27.188207973165262,35.53192906480772,62.72013703797298,-18.582644588282353,28.61081092076376,47.19345550904612
1131,2022/11/01 15:57:32,-27.188207973165262,35.49462601121184,62.682833984377105,-18.582644588282353,28.61081092076376,47.19345550904612
1132,2022/11/01 15:57:33,-27.188207973165262,27.697153416626517,54.88536138979178,-18.582644588282353,18.96752545567628,37.55017004395863
1133,2022/11/01 15:57:34,-27.188207973165262,27.697153416626517,54.88536138979178,-18.582644588282353,18.96752545567628,37.55017004395863
1134,2022/11/01 15:57:35,-27.188207973165262,27.697153416626517,54.88536138979178,-18.582644588282353,18.96752545567628,37.55017004395863
1135,2022/11/01 15:57:36,-27.188207973165262,27.697153416626517,54.88536138979178,-18.582644588282353,18.96752545567628,37.55017004395863
1136,2022/11/01 15:57:37,-27.188207973165262,27.697153416626517,54.88536138979178,-18.63185551085676,19.016511889909793,37.64836740076655
1137,2022/11/01 15:57:38,-27.188207973165262,27.697153416626517,54.88536138979178,-18.63185551085676,19.016511889909793,37.64836740076655
1138,2022/11/01 15:57:39,-27.188207973165262,27.697153416626517,54.88536138979178,-18.63185551085676,19.016511889909793,37.64836740076655
